氏名,住所,年齢,血液型
相沢 節夫(アイザワ セツオ),〒901-3105 沖縄県島尻郡久米島町宇根4-8,38,A
相沢 菜々(アイザワ ナナ),〒453-0805 愛知県名古屋市中村区深川町1-9-20深川町プラチナ218,78,A
相沢 由太郎(アイザワ ヨシタロウ),〒987-0341 宮城県登米市豊里町十二沢2-4-3コート豊里町十二沢418,72,AB
会田 明日香(アイダ アスカ),〒602-0942 京都府京都市上京区靭屋町3-19-6,23,B
会田 和利(アイダ カズトシ),〒018-3146 秋田県能代市二ツ井町中坪道下4-16-7,75,AB
相田 順(アイダ ジュン),〒859-0311 長崎県諫早市小豆崎町1-10-10小豆崎町マンション113,84,O
合田 若菜(アイダ ワカナ),〒696-1135 島根県邑智郡美郷町小松地4-15-10ダイヤモンド小松地213,62,B
相原 愛菜(アイハラ アイナ),〒321-0634 栃木県那須烏山市野上2-3-5野上レジデンス302,41,A
相原 幸一(アイハラ コウイチ),〒910-0067 福井県福井市新田塚2-12-2,33,O
相原 璃音(アイハラ リオン),〒802-0835 福岡県北九州市小倉南区堀越4-13-16テラス堀越301,51,B
青木 常雄(アオキ ツネオ),〒939-2463 富山県富山市八尾町谷内1-10-3,76,A
青野 果凛(アオノ カリン),〒020-0514 岩手県岩手郡雫石町野中2-15-12コート野中309,56,A
青野 國吉(アオノ クニヨシ),〒718-0011 岡山県新見市新見1-8-4,60,O
青山 誠(アオヤマ マコト),〒781-3713 高知県土佐郡大川村井野川1-4,41,A
青山 麻里(アオヤマ マリ),〒761-0614 香川県木田郡三木町朝倉4-20-20,65,A
赤井 市太郎(アカイ イチタロウ),〒885-0053 宮崎県都城市上東町2-12プラチナ上東町300,44,A
赤井 鉄夫(アカイ テツオ),〒989-5112 宮城県栗原市金成宇南崎2-6,42,O
明石 心優(アカイシ ミユ),〒300-0503 茨城県稲敷市稲波1-16,87,O
赤木 翔平(アカギ ショウヘイ),〒771-3203 徳島県名西郡神山町鬼籠野1-14-13,48,A
赤木 大輝(アカギ ダイキ),〒089-0371 北海道上川郡清水町御影東一条2-20-3レジデンス御影東一条307,58,B
赤羽 常男(アカバネ ツネオ),〒526-0832 滋賀県長浜市大東町4-16-2,74,A
赤羽 菜月(アカバネ ナヅキ),〒785-0219 高知県高岡郡津野町赤木2-18-8,41,A
赤松 瑛斗(アカマツ エイト),〒789-1725 高知県幡多郡黒潮町白浜2-19-13ザ白浜419,23,A
赤松 美羽(アカマツ ミウ),〒901-2113 沖縄県浦添市大平2-18-7パレス大平104,87,A
我妻 克美(アガツマ カツミ),〒904-0324 沖縄県中頭郡読谷村長浜1-1-14ガーデン長浜100,87,A
上野 市太郎(アガノ イチタロウ),〒905-0604 沖縄県島尻郡伊是名村伊是名1-18,73,O
上野 颯太(アガノ ソウタ),〒377-0004 群馬県渋川市半田1-14-2,23,A
秋田 紗英(アキタ サエ),〒931-8323 富山県富山市豊城新町2-16-16スイート豊城新町318,77,B
秋田 政次(アキタ マサツグ),〒294-0231 千葉県館山市中里4-1-11,69,A
秋葉 麻衣子(アキバ マイコ),〒363-0024 埼玉県桶川市鴨川3-14プラザ鴨川100,61,A
秋葉 未羽(アキバ ミウ),〒722-0326 広島県尾道市御調町岩根4-10-9,23,O
秋元 蒼依(アキモト アオイ),〒739-0144 広島県東広島市八本松南4-7-2,85,A
秋本 和弘(アキモト カズヒロ),〒759-4501 山口県長門市油谷蔵小田4-8-1油谷蔵小田フォレスト413,66,A
秋本 喜保(アキモト キホ),〒999-6824 山形県酒田市元新屋敷2-2-16,21,B
秋本 重男(アキモト シゲオ),〒960-0665 福島県伊達市保原町岡代2-19-3,76,A
秋本 寿(アキモト ヒサシ),〒722-1627 広島県世羅郡世羅町青水2-17-11,69,A
浅井 有沙(アサイ アリサ),〒989-5171 宮城県栗原市金成沢辺3-7,22,A
浅井 実咲(アサイ ミサキ),〒847-1421 佐賀県東松浦郡玄海町諸浦2-16-4,68,A
浅川 和利(アサカワ カズトシ),〒920-0274 石川県河北郡内灘町向粟崎2-15向粟崎シティ119,82,O
浅川 琴子(アサカワ コトコ),〒511-0413 三重県いなべ市北勢町畑毛1-15-16,85,A
朝倉 咲月(アサクラ サツキ),〒758-0035 山口県萩市細工町2-12-14ハウス細工町400,64,A
朝倉 隆冴(アサクラ リュウガ),〒244-0841 神奈川県横浜市栄区長沼町3-17-2,28,AB
浅田 夏希(アサダ ナツキ),〒975-0063 福島県南相馬市原町区馬場3-17-13,53,B
浅沼 研一(アサヌマ ケンイチ),〒904-2213 沖縄県うるま市田場2-2-18,42,O
浅沼 美佐子(アサヌマ ミサコ),〒761-4421 香川県小豆郡小豆島町苗羽4-13-8,33,B
浅野 奏多(アサノ ソウタ),〒380-0806 長野県長野市淀ケ橋2-1-9,85,A
浅野 範明(アサノ ノリアキ),〒671-2217 兵庫県姫路市町田3-10-9,58,O
芦田 香菜(アシダ カナ),〒323-0816 栃木県小山市南和泉2-11-13,67,A
吾妻 衛(アズマ マモル),〒193-0834 東京都八王子市東浅川町2-8-20コート東浅川町103,68,AB
麻生 直吉(アソウ ナオキチ),〒351-0025 埼玉県朝霞市三原1-12-15三原ステーション313,69,A
渥美 定雄(アツミ サダオ),〒781-0010 高知県高知市薊野3-9-16シティ薊野100,60,O
渥美 奈津子(アツミ ナツコ),〒235-0002 神奈川県横浜市磯子区馬場町4-20-8,52,B
阿部 真菜(アベ マナ),〒372-0851 群馬県伊勢崎市上蓮町1-6-7ヴィレッジ上蓮町107,77,B
安部 義和(アベ ヨシカズ),〒669-5362 兵庫県豊岡市日高町芝3-18,25,A
天野 裕美子(アマノ ユミコ),〒013-0544 秋田県横手市大森町長助巻2-13グランド大森町長助巻316,81,A
新井 直也(アライ ナオヤ),〒370-0814 群馬県高崎市嘉多町3-6-2ステージ嘉多町102,67,AB
新井 好克(アライ ヨシカツ),〒882-0865 宮崎県延岡市鶴ケ丘1-16鶴ケ丘ランド418,20,B
荒川 留美子(アラカワ ルミコ),〒786-0097 高知県高岡郡四万十町日野地4-17-7,55,O
新垣 邦彦(アラガキ クニヒコ),〒111-0024 東京都台東区今戸1-7,74,O
荒木 英治(アラキ エイジ),〒787-0557 高知県土佐清水市宗呂乙1-14-20,58,O
荒木 沙奈(アラキ サナ),〒680-0412 鳥取県八頭郡八頭町水口2-10-5,80,A
荒木 友彦(アラキ トモヒコ),〒986-0761 宮城県本吉郡南三陸町志津川廻館前3-5-7志津川廻館前ヴィレッジ310,84,B
有賀 櫻(アリガ サクラ),〒769-0101 香川県高松市国分寺町新居2-13-13タワー国分寺町新居301,50,B
有馬 花子(アリマ ハナコ),〒509-2603 岐阜県下呂市馬瀬数河2-13,57,O
安西 豊樹(アンザイ トヨキ),〒831-0031 福岡県大川市上巻3-7-3ザ上巻315,74,AB
安斉 百恵(アンザイ モモエ),〒673-1302 兵庫県加東市秋津4-13-16,40,O
安藤 蒼(アンドウ アオイ),〒791-3524 愛媛県喜多郡内子町小田深山2-6-11,65,O
安藤 彩那(アンドウ アヤナ),〒484-0831 愛知県犬山市堂屋敷3-14,75,O
安藤 芽依(アンドウ メイ),〒524-0014 滋賀県守山市石田町2-19-7シティ石田町211,44,A
安藤 里菜(アンドウ リナ),〒247-0014 神奈川県横浜市栄区公田町3-4-10,89,O
飯島 天音(イイジマ アマネ),〒320-0861 栃木県宇都宮市西2-16,44,B
飯田 康善(イイダ ヤスヨシ),〒015-0034 秋田県由利本荘市芦川4-16芦川スカイ317,52,A
飯塚 奈保子(イイヅカ ナオコ),〒631-0004 奈良県奈良市登美ケ丘1-4-14ザ登美ケ丘205,82,A
飯野 優太(イイノ ユウタ),〒234-0051 神奈川県横浜市港南区日野2-13-19,42,A
飯野 由良(イイノ ユラ),〒590-0972 大阪府堺市堺区竜神橋町2-8,34,O
五十嵐 憲一(イガラシ ケンイチ),〒859-5382 長崎県平戸市飯良町3-11-13飯良町パーク412,54,B
生田 和枝(イクタ カズエ),〒889-1905 宮崎県北諸県郡三股町今市4-17今市庵402,68,A
生田 一樹(イクタ カズキ),〒370-2602 群馬県甘楽郡下仁田町白山3-13-5,79,B
生田 幸彦(イクタ ユキヒコ),〒965-0812 福島県会津若松市慶山2-9-13,57,O
井口 沙耶(イグチ サヤ),〒900-0035 沖縄県那覇市通堂町4-16-12通堂町プラザ213,66,AB
池内 小羽(イケウチ コハネ),〒708-1525 岡山県久米郡美咲町王子3-16-4ステーション王子309,20,B
池上 静(イケガミ シズ),〒019-1907 秋田県大仙市南外上鎌田4-19-15,76,O
池谷 琴羽(イケタニ コトハ),〒518-0436 三重県名張市つつじが丘北６番町2-15-13,83,O
池谷 当麻(イケタニ トウマ),〒501-0612 岐阜県揖斐郡揖斐川町小野2-7-9,25,A
池谷 乃亜(イケタニ ノア),〒769-2901 香川県東かがわ市引田2-1ステーション引田114,43,A
池谷 充照(イケタニ ミツテル),〒915-0876 福井県越前市白崎町4-3-1テラス白崎町116,64,O
池本 真(イケモト マコト),〒930-0853 富山県富山市永楽町3-9-2,44,B
伊沢 朱音(イザワ アカネ),〒799-3741 愛媛県宇和島市吉田町白浦4-17-14吉田町白浦スカイ107,42,A
伊沢 一雄(イザワ カズオ),〒936-0863 富山県滑川市栃山2-14-15,69,O
伊沢 清一郎(イザワ セイイチロウ),〒099-5601 北海道紋別郡滝上町あけぼの町3-7-2,64,B
井沢 文康(イザワ フミヤス),〒319-2404 茨城県常陸大宮市国長2-7-4ハウス国長111,27,B
井沢 嘉子(イザワ ヨシコ),〒866-0894 熊本県八代市上野町1-14-8,55,B
石井 胡桃(イシイ クルミ),〒930-0016 富山県富山市柳町1-17リバーサイド柳町408,58,A
石井 安(イシイ ヤスシ),〒434-0032 静岡県浜松市浜北区道本4-6-17,68,B
石岡 一司(イシオカ カズシ),〒842-0034 佐賀県神埼郡吉野ヶ里町箱川1-10-6プラザ箱川407,74,A
石垣 勝久(イシガキ カツヒサ),〒871-0203 大分県中津市本耶馬渓町多志田3-14-9,37,A
石倉 利津子(イシクラ リツコ),〒939-0126 富山県高岡市福岡町蓑島1-11-18コンフォート福岡町蓑島100,86,A
石黒 小百合(イシグロ サユリ),〒999-0434 山形県西置賜郡飯豊町川内戸1-5-18川内戸マンション107,30,O
石黒 龍也(イシグロ タツヤ),〒932-0803 富山県小矢部市道明4-7,83,A
石黒 怜(イシグロ レイ),〒769-2303 香川県さぬき市長尾名2-15,51,B
石坂 文男(イシザカ フミオ),〒519-1108 三重県亀山市関町小野1-10-14,22,A
石崎 亜美(イシザキ アミ),〒709-0861 岡山県岡山市東区瀬戸町瀬戸2-13-2ゴールデン瀬戸町瀬戸417,44,B
石崎 悠里(イシザキ ユウリ),〒999-4551 山形県尾花沢市寺内4-13-2,42,O
石沢 和美(イシザワ カズミ),〒606-0027 京都府京都市左京区岩倉中在地町4-20-5岩倉中在地町ハウス416,85,O
石沢 鈴(イシザワ リン),〒916-1114 福井県鯖江市磯部町3-20-1磯部町コーポ209,47,A
石塚 輝雄(イシヅカ テルオ),〒150-0021 東京都渋谷区恵比寿西3-1-9,42,O
石塚 三喜(イシヅカ ミキ),〒847-1431 佐賀県東松浦郡玄海町普恩寺1-9-8,37,O
石塚 康弘(イシヅカ ヤスヒロ),〒521-1132 滋賀県彦根市下稲葉町4-3-12グリーン下稲葉町217,66,O
石野 千里(イシノ チサト),〒326-0052 栃木県足利市相生町3-4-14相生町テラス300,55,AB
石野 輝男(イシノ テルオ),〒680-0151 鳥取県鳥取市国府町宮下2-3,67,A
石野 欧子(イシノ ヒロコ),〒405-0047 山梨県山梨市水口1-1-13,44,B
石原 光代(イシハラ ミツヨ),〒779-4801 徳島県三好市井川町旭町4-17,40,AB
石橋 克美(イシバシ カツミ),〒762-0054 香川県坂出市西大浜南3-9-8西大浜南の杜207,55,O
石村 信夫(イシムラ ノブオ),〒769-2715 香川県東かがわ市五名3-4-15,89,O
石村 美千代(イシムラ ミチヨ),〒899-5651 鹿児島県姶良市脇元1-4-8,40,A
石渡 順子(イシワタリ ジュンコ),〒642-0035 和歌山県海南市冷水3-7-15,81,A
和泉 夏鈴(イズミ カリン),〒431-3107 静岡県浜松市東区笠井町2-20,53,A
和泉 千佐子(イズミ チサコ),〒857-0324 長崎県北松浦郡佐々町大茂免3-14-4,73,A
和泉 芽生(イズミ メイ),〒377-0415 群馬県吾妻郡中之条町横尾3-1-1,68,O
磯崎 秋雄(イソザキ アキオ),〒798-4352 愛媛県南宇和郡愛南町古月4-13,22,A
磯崎 長太郎(イソザキ チョウタロウ),〒259-1147 神奈川県伊勢原市白根4-1-20ガーデン白根401,60,O
磯野 空(イソノ ソラ),〒989-1201 宮城県柴田郡大河原町大谷3-19-19大谷シーサイド311,28,O
磯野 春菜(イソノ ハルナ),〒900-0004 沖縄県那覇市銘苅3-2銘苅アパート201,77,A
磯部 香苗(イソベ カナエ),〒879-6115 大分県竹田市荻町馬場2-16-2荻町馬場タワー205,36,A
磯部 直吉(イソベ ナオキチ),〒693-0505 島根県出雲市佐田町吉野3-15-6,77,B
磯部 里桜人(イソベ リオト),〒836-0041 福岡県大牟田市新栄町1-5-14,21,O
板倉 紫音(イタクラ シオン),〒400-0206 山梨県南アルプス市六科4-7,22,A
板橋 千佐子(イタバシ チサコ),〒529-1842 滋賀県甲賀市信楽町下朝宮4-6,63,O
板橋 芳雄(イタバシ ヨシオ),〒757-0001 山口県山陽小野田市厚狭1-4-4,75,B
依田 一義(イダ カズヨシ),〒247-0075 神奈川県鎌倉市関谷2-14-18,62,A
井田 宙太(イダ ソラタ),〒917-0034 福井県小浜市奥田縄1-6,24,O
依田 雅俊(イダ マサトシ),〒942-0201 新潟県上越市頸城区大潟1-20-15頸城区大潟プラザ402,78,B
井田 靖子(イダ ヤスコ),〒309-1607 茨城県笠間市石寺1-17-13,26,B
市川 定吉(イチカワ サダキチ),〒108-0073 東京都港区三田2-9-6三田シティ405,87,O
市川 範久(イチカワ ノリヒサ),〒197-0022 東京都福生市本町4-12-19,29,A
市川 勇二(イチカワ ユウジ),〒682-0644 鳥取県倉吉市福積1-1,88,B
市村 一義(イチムラ カズヨシ),〒607-8102 京都府京都市山科区小山下ノ池3-1-18小山下ノ池マンション416,29,O
井手 朱夏(イデ アヤカ),〒374-0121 群馬県邑楽郡板倉町下五箇2-11-7コーポ下五箇101,20,B
井出 諭(イデ サトシ),〒896-0014 鹿児島県いちき串木野市元町3-12-12コンフォート元町417,69,A
井手 遥奈(イデ ハルナ),〒769-1404 香川県三豊市仁尾町仁尾乙4-17,69,AB
井出 竜太(イデ リュウタ),〒988-0014 宮城県気仙沼市柏崎4-4-20,49,B
伊東 亀次郎(イトウ カメジロウ),〒921-8012 石川県金沢市本江町1-12-17,76,O
伊東 志織(イトウ シオリ),〒518-0405 三重県名張市すずらん台東５番町4-8-17プレシャスすずらん台東５番町313,29,A
伊東 美菜(イトウ ミナ),〒235-0032 神奈川県横浜市磯子区新杉田町3-9-20新杉田町ガーデン215,35,O
稲垣 理恵(イナガキ リエ),〒931-8436 富山県富山市宮園町3-14-14,73,A
稲田 輝(イナダ ヒカル),〒923-1124 石川県能美市三道山町2-8-5三道山町マンション103,37,O
稲葉 千波(イナバ チナミ),〒520-1234 滋賀県高島市安曇川町四津川2-9タウン安曇川町四津川118,23,O
猪股 嘉一(イノマタ カイチ),〒714-0096 岡山県笠岡市九番町1-16,85,A
猪股 孝治(イノマタ コウジ),〒639-3802 奈良県吉野郡下北山村浦向1-10,47,O
今井 芽依(イマイ メイ),〒981-2143 宮城県伊具郡丸森町虚空蔵中4-15-2,72,O
今泉 爽明(イマイズミ ソウメイ),〒466-0041 愛知県名古屋市昭和区出口町1-15プラザ出口町404,24,AB
今泉 良昭(イマイズミ ヨシアキ),〒997-1112 山形県鶴岡市西沼3-20-2,59,A
今田 美千代(イマダ ミチヨ),〒717-0003 岡山県真庭市竹原2-15-4プレイス竹原314,77,O
井本 邦雄(イモト クニオ),〒510-0951 三重県四日市市小古曽東4-13-11小古曽東ヴィレッジ310,33,O
井本 健太(イモト ケンタ),〒869-5152 熊本県八代市揚町1-2-8,71,A
井本 遥奈(イモト ハルナ),〒400-0856 山梨県甲府市伊勢4-6-11,23,A
入江 隆男(イリエ タカオ),〒367-0211 埼玉県本庄市児玉町吉田林2-20児玉町吉田林ヴィレッジ307,75,A
入江 武信(イリエ タケノブ),〒762-0004 香川県坂出市昭和町4-13-15,86,A
入江 正雄(イリエ マサオ),〒036-0411 青森県黒石市温湯4-6,28,B
岩井 柚葉(イワイ ユズハ),〒515-2332 三重県松阪市嬉野津屋城町4-6-12嬉野津屋城町テラス112,59,B
岩井 麗香(イワイ レイカ),〒930-0865 富山県富山市久郷3-7-17,77,A
岩城 一葉(イワキ カズハ),〒656-2132 兵庫県淡路市志筑新島1-7-18,72,O
岩佐 利勝(イワサ トシカツ),〒965-0034 福島県会津若松市上町1-1コンフォート上町404,48,B
岩佐 春美(イワサ ハルミ),〒781-2105 高知県吾川郡いの町新町2-14-19,58,A
岩佐 光夫(イワサ ミツオ),〒699-0404 島根県松江市宍道町東来待1-9,63,A
岩沢 琴美(イワサワ コトミ),〒783-0074 高知県南国市上倉2-18-3フォレスト上倉408,26,AB
岩沢 史織(イワサワ シオリ),〒409-3622 山梨県西八代郡市川三郷町三帳1-12-6,25,A
岩沢 莉沙(イワサワ リサ),〒509-4204 岐阜県飛騨市古川町野口1-6-1古川町野口ステーション414,69,O
岩田 栄次郎(イワタ エイジロウ),〒038-3159 青森県つがる市木造桜川4-10-16木造桜川シーサイド304,87,A
岩谷 美優(イワタニ ミユウ),〒880-0878 宮崎県宮崎市大和町3-10-9大和町フォレスト211,59,A
岩永 陽菜(イワナガ ハルナ),〒404-0007 山梨県山梨市牧丘町北原2-19-18,32,A
岩本 源治(イワモト ゲンジ),〒870-0157 大分県大分市高城本町2-4-15,51,O
植木 純(ウエキ ジュン),〒848-0143 佐賀県伊万里市黒川町牟田1-17-9,56,B
植木 孝義(ウエキ タカヨシ),〒911-0021 福井県勝山市村岡町栃神谷2-19-3スイート村岡町栃神谷414,68,A
植木 康子(ウエキ ヤスコ),〒016-0011 秋田県能代市坂形1-1-17,76,A
上杉 禎(ウエスギ タダシ),〒455-0857 愛知県名古屋市港区秋葉2-15-4,65,O
植田 一平(ウエダ イッペイ),〒850-0071 長崎県長崎市塩浜町1-8,75,O
上田 遙(ウエダ ハルカ),〒428-0044 静岡県島田市金谷緑町3-13-19,75,O
植田 政信(ウエダ マサノブ),〒790-0064 愛媛県松山市愛光町2-11愛光町シーサイド316,75,O
上原 響(ウエハラ ヒビキ),〒760-0001 香川県高松市新北町2-6-10,63,O
上村 豊明(ウエムラ トヨアキ),〒695-0021 島根県江津市都野津町1-15-15,54,B
上村 幹彦(ウエムラ ミキヒコ),〒981-3218 宮城県仙台市泉区西中山1-2-11,75,B
上村 道春(ウエムラ ミチハル),〒602-8408 京都府京都市上京区古美濃部町3-1-12,55,B
上村 桃華(ウエムラ モモカ),〒700-0003 岡山県岡山市北区半田町4-13-11,76,B
植村 怜(ウエムラ レイ),〒585-0026 大阪府南河内郡河南町鈴美台3-6-10,59,AB
鵜飼 悠花(ウカイ ユウカ),〒329-2212 栃木県塩谷郡塩谷町喜佐見3-12ガーデン喜佐見219,40,O
宇佐美 春那由(ウサミ ハナユ),〒306-0427 茨城県猿島郡境町浦向2-5-10メゾン浦向301,23,A
宇佐美 芳太郎(ウサミ ヨシタロウ),〒963-6103 福島県東白川郡棚倉町逆川4-7-10,63,A
氏家 幹夫(ウジイエ ミキオ),〒771-1615 徳島県阿波市市場町大影3-10-9,43,O
臼井 辰也(ウスイ タツヤ),〒773-0020 徳島県小松島市和田津開町2-12-4,68,O
碓井 義夫(ウスイ ヨシオ),〒997-0009 山形県鶴岡市中京田4-9,48,O
内田 慶治(ウチダ ケイジ),〒253-0005 神奈川県茅ヶ崎市松風台3-17-7松風台フォレスト317,80,O
内田 二郎(ウチダ ジロウ),〒307-0044 茨城県結城市田間2-12-13スイート田間114,40,O
内田 忠男(ウチダ タダオ),〒370-0005 群馬県高崎市浜尻町3-7-10浜尻町コンフォート216,67,A
内村 秋男(ウチムラ アキオ),〒633-0054 奈良県桜井市阿部3-5-3,89,A
内村 秀加(ウチムラ ヒデカ),〒384-0012 長野県小諸市南町4-6ハイツ南町310,70,B
内村 仁明(ウチムラ ヒトアキ),〒640-0332 和歌山県和歌山市冬野2-15-20グランド冬野216,64,B
内村 怜(ウチムラ レイ),〒407-0172 山梨県韮崎市穂坂町上今井2-7-5,74,AB
内山 茂男(ウチヤマ シゲオ),〒870-0939 大分県大分市中津留1-8,71,B
宇都宮 貞男(ウツノミヤ サダオ),〒893-2604 鹿児島県肝属郡南大隅町佐多馬籠2-2-15パレス佐多馬籠106,22,AB
宇都宮 時夫(ウツノミヤ トキオ),〒739-0603 広島県大竹市西栄3-11-2西栄アパート209,33,AB
宇都宮 直義(ウツノミヤ ナオヨシ),〒969-0307 福島県白河市大信中新城4-15-7コーポ大信中新城208,63,O
宇野 美智子(ウノ ミチコ),〒240-0114 神奈川県三浦郡葉山町木古庭1-5-14,59,A
梅木 凪紗(ウメキ ナギサ),〒888-0006 宮崎県串間市秋山2-8-8キャッスル秋山202,44,O
梅原 亜矢子(ウメハラ アヤコ),〒298-0264 千葉県夷隅郡大多喜町大田代4-9-7,25,B
梅本 友香(ウメモト トモカ),〒321-1425 栃木県日光市和泉1-13,43,AB
梅本 智子(ウメモト トモコ),〒939-2352 富山県富山市八尾町下新町4-6ドリーム八尾町下新町202,53,O
梅本 良二(ウメモト リョウジ),〒489-0904 愛知県瀬戸市すみれ台4-6すみれ台ランド115,49,A
浦田 亜沙美(ウラタ アサミ),〒528-0058 滋賀県甲賀市水口町北泉1-16,21,A
浦田 結羽(ウラタ ユウ),〒086-1005 北海道標津郡中標津町東五条南3-19-10,60,A
浦野 咲菜(ウラノ サナ),〒716-0335 岡山県高梁市成羽町布寄1-4-5成羽町布寄ランド105,73,O
浦野 正太郎(ウラノ ショウタロウ),〒036-0363 青森県黒石市鍛治町3-12-20,62,O
浦野 晴美(ウラノ ハルミ),〒514-0833 三重県津市西阿漕町岩田2-8コート西阿漕町岩田114,38,B
浦野 正義(ウラノ マサヨシ),〒595-0072 大阪府泉大津市松之浜町1-10松之浜町ロイヤル207,47,A
江頭 美由紀(エガシラ ミユキ),〒615-0025 京都府京都市右京区西院西矢掛町2-10,85,B
江川 辰雄(エガワ タツオ),〒918-8174 福井県福井市上江尻町2-1-14,68,AB
江川 昌也(エガワ マサヤ),〒437-0046 静岡県袋井市木原2-13,63,O
江口 来実(エグチ クルミ),〒819-0167 福岡県福岡市西区今宿4-16-3今宿レジデンス118,82,A
江口 七美(エグチ ナナミ),〒018-0434 秋田県にかほ市寺田4-5-20,77,AB
江口 博之(エグチ ヒロユキ),〒321-4547 栃木県真岡市谷貝新田2-8-3谷貝新田ヴィレッジ215,77,A
江崎 彩菜(エザキ アヤナ),〒963-7849 福島県石川郡石川町一ノ沢3-10,59,AB
江崎 莉乃(エザキ リノ),〒894-0411 鹿児島県大島郡龍郷町赤尾木1-14,76,A
江田 幸次(エダ コウジ),〒376-0143 群馬県桐生市黒保根町宿廻4-17コート黒保根町宿廻413,69,O
榎本 未央(エノモト ミオ),〒492-8283 愛知県稲沢市天池浪寄町2-5-1,58,O
江原 啓司(エバラ ケイジ),〒901-3901 沖縄県島尻郡北大東村南4-13-5南シーサイド314,52,A
江原 佳祐(エバラ ケイスケ),〒775-0302 徳島県海部郡海陽町奥浦3-8-2,65,O
海老原 将惺(エビハラ ショウセイ),〒370-0427 群馬県太田市小角田町4-15,21,A
海老原 優華(エビハラ ユウカ),〒995-0206 山形県村山市山の内2-18-3山の内ランド101,58,A
海老原 良夫(エビハラ ヨシオ),〒513-0823 三重県鈴鹿市道伯4-20-13,46,A
遠藤 瑞貴(エンドウ ミズキ),〒992-0076 山形県米沢市小野川町3-4小野川町テラス212,72,A
遠藤 満(エンドウ ミツル),〒841-0082 佐賀県鳥栖市浅井町3-16-18パレス浅井町402,75,B
遠藤 優羽(エンドウ ユウ),〒869-0412 熊本県宇土市岩古曽町3-20-6岩古曽町シティ211,62,B
及川 菜々美(オイカワ ナナミ),〒043-0065 北海道檜山郡江差町砂川2-8-18,86,A
大内 巧(オウウチ タクミ),〒099-6131 北海道紋別市八十士4-5-8,33,B
大井 慶太(オオイ ケイタ),〒680-0542 鳥取県八頭郡八頭町茂谷1-12,70,A
大井 竜一(オオイ リュウイチ),〒370-0881 群馬県高崎市町屋町3-9-19,42,A
大石 一花(オオイシ イチカ),〒750-0062 山口県下関市新地西町2-17-12新地西町ダイヤモンド302,41,AB
大石 佳代(オオイシ カヨ),〒378-0067 群馬県沼田市大釜町1-8-16,49,AB
大石 冨士子(オオイシ フジコ),〒866-0801 熊本県八代市東町1-11-3,32,A
大江 明夫(オオエ アキオ),〒781-2104 高知県吾川郡いの町藤町4-19-16藤町マンション318,49,O
大江 琴乃(オオエ コトノ),〒252-0161 神奈川県相模原市緑区青野原4-1,43,AB
大江 花咲(オオエ ハナサ),〒959-2468 新潟県新発田市中俵1-15,30,A
大江 政一(オオエ マサイチ),〒529-1563 滋賀県東近江市横山町4-11-13横山町グリーン209,25,O
大河原 市太郎(オオガワラ イチタロウ),〒761-0102 香川県高松市新田町甲4-14-16新田町甲メゾン313,26,B
大河原 貞一(オオガワラ テイイチ),〒651-2267 兵庫県神戸市西区平野町西戸田2-2平野町西戸田マンション105,37,O
大久保 美帆(オオクボ ミホ),〒315-0167 茨城県石岡市龍明2-16-14龍明ステージ213,84,AB
大熊 典子(オオクマ ノリコ),〒840-0535 佐賀県佐賀市富士町下無津呂3-10プラザ富士町下無津呂414,72,A
大熊 雅江(オオクマ マサエ),〒745-0056 山口県周南市新宿通2-11,29,A
大熊 円美(オオクマ マルミ),〒604-0846 京都府京都市中京区金吹町2-20,87,A
大倉 治男(オオクラ ハルオ),〒100-0006 東京都千代田区有楽町1-10-10,60,O
大倉 芳夫(オオクラ ヨシオ),〒918-8133 福井県福井市上莇生田町3-11-7,63,O
大崎 照(オオサキ テル),〒288-0035 千葉県銚子市名洗町2-1プラザ名洗町212,50,B
大崎 竜三(オオサキ リュウゾウ),〒761-2305 香川県綾歌郡綾川町滝宮4-13-17,24,B
大沢 直央(オオサワ ナオ),〒969-4114 福島県喜多方市山都町小山3-8-18山都町小山アパート112,26,B
大澤 三枝子(オオサワ ミエコ),〒600-8837 京都府京都市下京区夷馬場町1-16-20,44,A
大沢 美緒(オオサワ ミオ),〒965-0007 福島県会津若松市飯盛3-9-15飯盛プラザ214,56,O
大下 武雄(オオシタ タケオ),〒744-0023 山口県下松市末武中2-16-9タウン末武中112,80,O
大下 幸男(オオシタ ユキオ),〒689-1111 鳥取県鳥取市若葉台北3-9-20,81,O
大嶋 仁志(オオシマ ヒトシ),〒380-0955 長野県長野市安茂里西河原4-11-5安茂里西河原ヒル306,27,A
大嶋 里奈(オオシマ リナ),〒370-1204 群馬県高崎市東中里町3-13-17,26,O
大城 一雪(オオシロ カズユキ),〒068-2151 北海道三笠市有明町4-16-17,62,O
大関 一仁(オオゼキ カズヒト),〒370-0828 群馬県高崎市宮元町1-18-2宮元町パレス318,69,A
多田 武雄(オオタ タケオ),〒511-0523 三重県いなべ市藤原町本郷2-19-15,83,O
大田 辰夫(オオタ タツオ),〒869-2305 熊本県阿蘇市湯浦2-19-11,77,AB
多田 希実(オオタ ノゾミ),〒531-0062 大阪府大阪市北区長柄中4-15-4,60,O
多田 紀男(オオタ ノリオ),〒471-0028 愛知県豊田市神明町4-8-10パレス神明町315,81,B
太田 陽葵(オオタ ハルキ),〒639-1034 奈良県大和郡山市柏木町2-4-17柏木町庵407,20,B
多田 満喜子(オオタ マキコ),〒527-0037 滋賀県東近江市東今崎町1-5-20,83,O
大滝 七菜(オオタキ ナナ),〒675-0312 兵庫県加古川市志方町広尾4-8-17志方町広尾プラチナ115,55,A
大竹 圭一郎(オオタケ ケイイチロウ),〒682-0612 鳥取県倉吉市中野4-7-13中野庵415,20,A
大竹 俊範(オオタケ トシノリ),〒816-0825 福岡県春日市伯玄町1-11,64,B
大津 文香(オオツ フミカ),〒101-0065 東京都千代田区西神田4-16-13ザ西神田204,72,A
大津 真由美(オオツ マユミ),〒876-0803 大分県佐伯市駅前3-5-11,80,A
大塚 宣政(オオツカ ノブマサ),〒395-0072 長野県飯田市曙町2-8-10,50,B
大塚 英人(オオツカ ヒデト),〒939-3521 富山県富山市水橋畠等4-15-16,82,O
大槻 華子(オオツキ ハナコ),〒635-0132 奈良県高市郡高取町森2-17-6,37,A
大槻 英世(オオツキ ヒデヨ),〒866-0062 熊本県八代市豊原中町4-17-3プレシャス豊原中町406,52,AB
大友 清隆(オオトモ キヨタカ),〒945-0316 新潟県刈羽郡刈羽村下高町3-10下高町メゾン415,65,O
大友 宏行(オオトモ ヒロユキ),〒257-0006 神奈川県秦野市北矢名3-8北矢名ゴールデン316,77,A
大庭 和恵(オオニワ カズエ),〒054-0031 北海道勇払郡むかわ町青葉4-4プレイス青葉415,80,A
大庭 愛海(オオニワ マナミ),〒963-7854 福島県石川郡石川町松木下3-8,30,A
大庭 梨乃(オオニワ リノ),〒602-8441 京都府京都市上京区観世町3-7-5,74,O
大橋 亜衣(オオハシ アイ),〒299-4502 千葉県いすみ市岬町中原2-5-6,32,AB
大橋 加奈子(オオハシ カナコ),〒633-0251 奈良県宇陀市榛原ひのき坂2-13-14,24,B
大畑 舞子(オオハタ マイコ),〒771-2502 徳島県三好郡東みよし町足代4-12-5足代ダイヤモンド209,80,A
大原 千晴(オオハラ チハル),〒322-0013 栃木県鹿沼市深津3-2-15,25,A
大原 華(オオハラ ハナ),〒782-0018 高知県香美市土佐山田町戸板島2-7-9,30,A
大場 力男(オオバ リキオ),〒378-0121 群馬県沼田市白沢町高平1-9-14コンフォート白沢町高平117,67,A
大淵 正幸(オオブチ マサユキ),〒862-0933 熊本県熊本市東区小峯1-4-18小峯シティ202,57,A
大前 蒼依(オオマエ アオイ),〒859-3714 長崎県東彼杵郡波佐見町金屋郷1-6-7金屋郷シーサイド200,24,A
大前 安弘(オオマエ ヤスヒロ),〒918-8031 福井県福井市種池町2-7-1,30,AB
大前 陽一郎(オオマエ ヨウイチロウ),〒381-1214 長野県長野市松代町柴3-16-20プレイス松代町柴310,87,A
大村 一寿(オオムラ カズヒサ),〒638-0203 奈良県吉野郡黒滝村鳥住1-16,67,A
大村 信治(オオムラ シンジ),〒604-8254 京都府京都市中京区四坊堀川町2-2,24,A
大森 遥華(オオモリ ハルカ),〒865-0116 熊本県玉名郡和水町竈門2-20-16,87,B
大森 久男(オオモリ ヒサオ),〒272-0011 千葉県市川市高谷新町3-20高谷新町ロイヤルパレス402,32,A
大谷 航成(オオヤ コウセイ),〒753-0088 山口県山口市中河原町1-4-3タワー中河原町201,29,A
大山 弘子(オオヤマ ヒロコ),〒592-8331 大阪府堺市西区築港新町2-17-12,50,AB
大和田 良男(オオワダ ヨシオ),〒849-0932 佐賀県佐賀市鍋島町八戸溝1-5-4,21,B
大和田 利佳(オオワダ リカ),〒988-0361 宮城県気仙沼市本吉町下要害1-4-19ゴールデン本吉町下要害308,37,O
岡崎 心結(オカザキ ミユ),〒088-1511 北海道厚岸郡浜中町霧多布東一条1-2-10シティ霧多布東一条103,52,B
岡島 常吉(オカジマ ツネキチ),〒325-0076 栃木県那須塩原市西新町1-6-19,52,A
岡島 友香(オカジマ トモカ),〒108-0073 東京都港区三田2-6-20,40,A
岡島 野乃花(オカジマ ノノカ),〒639-2223 奈良県御所市本町1-6本町テラス212,54,A
緒方 美雨(オカタ ミウ),〒865-0121 熊本県玉名郡和水町榎原1-12,65,O
岡野 幸也(オカノ ユキヤ),〒779-0305 徳島県鳴門市大麻町高畑4-3-17大麻町高畑の杜100,30,B
岡部 幸次(オカベ コウジ),〒883-0105 宮崎県日向市東郷町山陰己3-7,85,A
岡部 新治(オカベ シンジ),〒526-0812 滋賀県長浜市保多町1-4,75,B
岡部 泰佑(オカベ タイスケ),〒988-0553 宮城県気仙沼市唐桑町神の倉4-4-19,66,O
岡部 知治(オカベ トモハル),〒990-0865 山形県山形市馬上台3-7-3レジデンス馬上台404,88,A
岡本 歩喜(オカモト アユキ),〒245-0004 神奈川県横浜市泉区領家1-16-7,20,A
岡本 建司(オカモト ケンジ),〒252-0332 神奈川県相模原市南区西大沼4-17グリーン西大沼407,28,AB
小笠原 美奈(オガサワラ ミナ),〒520-0227 滋賀県大津市清和町2-11-6清和町プラチナ419,73,B
小笠原 百華(オガサワラ モモカ),〒910-2523 福井県今立郡池田町河内2-9,33,A
尾形 健志(オガタ タケシ),〒779-3620 徳島県美馬市脇町岩倉4-17-17,76,A
緒方 信彦(オガタ ノブヒコ),〒800-0028 福岡県北九州市門司区下二十町3-4-9プラチナ下二十町315,55,O
小川 真紀(オガワ マキ),〒339-0063 埼玉県さいたま市岩槻区美幸町2-15-5美幸町プレシャス119,78,AB
小川 基良(オガワ モトヨシ),〒028-8401 岩手県下閉伊郡田野畑村千足3-5-12ダイヤモンド千足411,25,O
沖 陽依(オキ ヒヨリ),〒018-0114 秋田県にかほ市象潟町沖の田4-14-11,22,O
荻野 英男(オギノ ヒデオ),〒719-0251 岡山県浅口市鴨方町六条院西3-14-8,72,A
荻原 江介(オギワラ コウスケ),〒468-0065 愛知県名古屋市天白区中砂町1-8,51,B
荻原 年紀(オギワラ トシノリ),〒528-0004 滋賀県甲賀市水口町嶬峨2-6-6,87,AB
奥 治彦(オク ハルヒコ),〒630-8261 奈良県奈良市北市町3-2-7北市町フォレスト401,51,B
奥 真凛(オク マリン),〒739-0627 広島県大竹市小方町小方3-17-15ドリーム小方町小方412,42,O
奥田 亜矢子(オクダ アヤコ),〒999-3781 山形県東根市本丸北1-12-13本丸北タワー316,36,B
奥田 弘(オクダ ヒロシ),〒467-0828 愛知県名古屋市瑞穂区田光町2-7-13ハウス田光町416,67,O
奥野 智恵理(オクノ チエリ),〒869-5146 熊本県八代市日奈久大坪町2-1,31,A
奥野 照美(オクノ テルミ),〒783-0001 高知県南国市日吉町4-18プレシャス日吉町314,27,B
奥野 梨紗(オクノ リサ),〒959-4411 新潟県東蒲原郡阿賀町天満4-6-7,80,O
奥村 有沙(オクムラ アリサ),〒871-0206 大分県中津市本耶馬渓町今行4-16本耶馬渓町今行シーサイド300,73,O
奥山 響子(オクヤマ キョウコ),〒651-2222 兵庫県神戸市西区押部谷町木津2-19-1,51,A
小口 亜弓(オグチ アユミ),〒696-0006 島根県邑智郡川本町久座仁2-13-12,60,B
小口 正吉(オグチ ショウキチ),〒891-6151 鹿児島県大島郡喜界町塩道3-17-18,35,A
小口 由紀(オグチ ユキ),〒410-0018 静岡県沼津市豊町2-6-9豊町庵410,81,O
小倉 武一(オグラ タケイチ),〒061-3216 北海道石狩市花川北六条2-13-4,68,AB
小倉 智之(オグラ トモユキ),〒017-0801 秋田県大館市一本杉4-16-1,40,A
小椋 正敏(オグラ マサトシ),〒671-0247 兵庫県姫路市四郷町東阿保4-3-13,27,A
小倉 友里(オグラ ユリ),〒699-0811 島根県出雲市湖陵町差海4-8-20,78,O
小栗 碧依(オグリ アオイ),〒770-8052 徳島県徳島市沖浜1-15沖浜スカイ313,57,A
小栗 通夫(オグリ ミチオ),〒633-2177 奈良県宇陀市大宇陀下出口2-11-17,24,O
小沢 亜由美(オザワ アユミ),〒378-0023 群馬県沼田市篠尾町4-7-5,29,A
小澤 文香(オザワ フミカ),〒683-0101 鳥取県米子市大篠津町4-9-18,49,A
小嶋 亜衣(オジマ アイ),〒231-0003 神奈川県横浜市中区北仲通2-15-2,21,A
小嶋 忠三(オジマ チュウゾウ),〒952-0311 新潟県佐渡市名古屋2-12名古屋ハウス406,32,B
小島 春菜(オジマ ハルナ),〒930-0138 富山県富山市呉羽町4-16ヴィレッジ呉羽町416,57,O
小関 雅裕(オゼキ マサヒロ),〒963-8817 福島県郡山市大平町3-19,41,O
小田 美怜(オダ ミレイ),〒859-6131 長崎県佐世保市江迎町赤坂1-3-16,49,O
織田 与四郎(オダ ヨシロウ),〒989-0276 宮城県白石市大手町4-16-10,79,B
小田 隆三(オダ リュウゾウ),〒321-0108 栃木県宇都宮市春日町4-13春日町庵100,51,AB
越智 信孝(オチ ノブタカ),〒430-0815 静岡県浜松市南区都盛町4-5-10,25,A
落合 咲来(オチアイ サクラ),〒837-0911 福岡県大牟田市橘4-5-12テラス橘312,82,AB
落合 茂子(オチアイ シゲコ),〒501-5424 岐阜県高山市荘川町中野1-16-2,64,A
落合 美保(オチアイ ミホ),〒761-0122 香川県高松市牟礼町大町3-4-16,44,A
小出 信之(オデ ノブユキ),〒930-0814 富山県富山市下冨居4-16-15,87,B
小寺 俊博(オデラ トシヒロ),〒468-0023 愛知県名古屋市天白区御前場町2-7-20,32,A
小沼 千紘(オヌマ チヒロ),〒798-0013 愛媛県宇和島市御幸町3-3,50,O
小沼 康子(オヌマ ヤスコ),〒799-3456 愛媛県大洲市長浜町出海乙4-13,61,AB
小沼 良男(オヌマ ヨシオ),〒923-0957 石川県小松市本折町2-7本折町スカイ405,88,A
小野 美雨(オノ ミウ),〒224-0024 神奈川県横浜市都筑区東山田町4-18,36,AB
小野田 瑠花(オノダ ルカ),〒300-0016 茨城県土浦市中神立町1-6,31,A
小野寺 莉央(オノデラ リオ),〒920-0032 石川県金沢市広岡町3-20-4広岡町スカイ413,64,A
小幡 光(オバタ ヒカル),〒327-0832 栃木県佐野市植上町2-18-5,37,AB
小俣 里佳(オマタ リカ),〒689-0528 鳥取県鳥取市青谷町澄水4-18-19,51,A
小山 貴子(オヤマ タカコ),〒870-0278 大分県大分市青崎2-3-4,65,A
小山田 咲季(オヤマダ サキ),〒963-1631 福島県郡山市湖南町赤津2-12-9,31,A
小山田 貞子(オヤマダ サダコ),〒820-0089 福岡県飯塚市小正4-12,89,AB
小山田 誠一(オヤマダ セイイチ),〒031-0823 青森県八戸市湊高台2-16-4,64,AB
小山田 等(オヤマダ ヒトシ),〒940-0216 新潟県長岡市栃尾新町2-4プラチナ栃尾新町109,59,A
小山田 北斗(オヤマダ ホクト),〒015-0324 秋田県由利本荘市吉沢2-6コート吉沢419,21,A
甲斐 泰三(カイ タイゾウ),〒871-0314 大分県中津市本耶馬渓町西谷3-14,85,A
加賀 珠美(カガ タマミ),〒910-0034 福井県福井市菅谷2-7-19,25,B
香川 昭子(カガワ アキコ),〒038-2204 青森県西津軽郡深浦町久田2-3久田の杜211,79,AB
香川 亜弥(カガワ アヤ),〒889-2533 宮崎県日南市星倉3-16-13,40,A
角 彩那(カク アヤナ),〒289-0301 千葉県香取市一ノ分目3-4-12,29,O
葛西 千代乃(カサイ チヨノ),〒763-0054 香川県丸亀市中津町1-1-7,32,B
葛西 里歌(カサイ リカ),〒785-0606 高知県高岡郡檮原町上本村1-16-2,71,A
笠原 沙彩(カサハラ サアヤ),〒930-0832 富山県富山市中冨居4-10-12,82,B
笠原 柚希(カサハラ ユズキ),〒020-0503 岩手県岩手郡雫石町七ツ森3-13シティ七ツ森105,58,A
柏木 宏行(カシワギ ヒロユキ),〒788-0013 高知県宿毛市片島1-20,77,O
柏原 秀実(カシワバラ ヒデミ),〒946-0053 新潟県魚沼市長松3-10-4長松スカイ108,47,A
柏原 林檎(カシワバラ リンゴ),〒444-0522 愛知県西尾市吉良町下横須賀1-12,78,A
梶田 結依(カジタ ユイ),〒718-0011 岡山県新見市新見3-1-15,28,B
梶田 要一(カジタ ヨウイチ),〒480-1103 愛知県長久手市岩作中脇2-12-2,72,A
梶原 夏帆(カジワラ カホ),〒901-1205 沖縄県南城市大里高平4-16-13,33,A
春日 縁(カスガ エニシ),〒871-0028 大分県中津市角木町4-9,26,B
粕谷 雅俊(カスヤ マサトシ),〒322-0014 栃木県鹿沼市さつき町2-8-6さつき町スカイ410,89,O
片岡 美智代(カタオカ ミチヨ),〒853-0053 長崎県五島市奥浦町2-18-14,80,B
片桐 藍子(カタギリ アイコ),〒270-1471 千葉県船橋市小室町2-17-19,74,A
片野 恒敏(カタノ ツネトシ),〒770-0846 徳島県徳島市南内町1-7,49,AB
片野 雅江(カタノ マサエ),〒015-0051 秋田県由利本荘市川口1-15,26,O
片山 政春(カタヤマ マサハル),〒038-0052 青森県青森市清水2-18-10,37,B
片山 将文(カタヤマ マサフミ),〒545-0034 大阪府大阪市阿倍野区阿倍野元町1-9阿倍野元町シティ309,44,O
勝田 敦(カツタ アツシ),〒400-0855 山梨県甲府市中小河原2-9中小河原タワー314,63,O
勝田 里沙(カツタ リサ),〒679-2325 兵庫県神崎郡市川町奥1-15奥アパート311,66,O
勝又 祥子(カツマタ ショウコ),〒381-0101 長野県長野市若穂綿内1-12-18,52,A
勝又 愛実(カツマタ マナミ),〒073-0171 北海道砂川市空知太西一条2-1-19空知太西一条ロイヤルパレス207,55,A
門脇 柚子(カドワキ ユズ),〒796-0078 愛媛県八幡浜市中央マーケット2-19-5,26,A
金田 唯(カナダ ユイ),〒729-6131 広島県庄原市山内町1-20,80,O
金森 雅哉(カナモリ マサヤ),〒866-0866 熊本県八代市鷹辻町3-3-17鷹辻町ヴィレッジ317,45,O
金山 重雄(カナヤマ シゲオ),〒310-0033 茨城県水戸市常磐町1-1-16,20,O
金井 陽子(カネイ ヨウコ),〒370-0868 群馬県高崎市鼻高町4-17-15,58,O
金子 安奈(カネコ アンナ),〒620-0015 京都府福知山市下猪崎1-1-16,47,O
金子 琢貴(カネコ タクキ),〒758-0035 山口県萩市細工町4-12細工町シーサイド405,31,B
金子 辰二(カネコ タツジ),〒289-0216 千葉県香取郡神崎町植房4-8-16,49,A
金子 輝(カネコ ヒカル),〒018-2604 秋田県山本郡八峰町八森和田表3-10-6,77,AB
鹿野 菜央(カノ ナオ),〒629-1143 京都府船井郡京丹波町出野2-12-18パレス出野315,36,A
加納 彩音(カノウ アヤネ),〒891-0150 鹿児島県鹿児島市坂之上4-19-12ガーデン坂之上314,59,O
加納 真紗子(カノウ マサコ),〒799-2453 愛媛県松山市麓3-2,32,B
狩野 良子(カノウ ヨシコ),〒933-0869 富山県高岡市関大町1-13-14,51,A
鎌田 武裕(カマタ タケヒロ),〒910-3401 福井県福井市国見町1-2-13,82,O
鎌田 心優(カマタ ミユ),〒879-0121 大分県中津市諸田4-2,24,A
上岡 雪菜(カミオカ ユキナ),〒996-0086 山形県新庄市石川町2-15,85,AB
神谷 梓(カミヤ アズサ),〒520-0855 滋賀県大津市栄町2-17-18栄町ランド317,43,A
神谷 麗(カミヤ ウララ),〒014-1114 秋田県仙北市田沢湖神代1-13-11,33,A
神谷 千鶴子(カミヤ チヅコ),〒394-0033 長野県岡谷市南宮2-13,88,A
神山 彩華(カミヤマ アヤカ),〒101-0065 東京都千代田区西神田3-12-4,80,B
神山 夏乃葉(カミヤマ カノハ),〒844-0006 佐賀県西松浦郡有田町赤絵町2-18-17,87,O
神山 国雄(カミヤマ クニオ),〒328-0073 栃木県栃木市小平町3-16-16ロイヤルパレス小平町312,45,A
神山 定吉(カミヤマ サダキチ),〒989-1244 宮城県柴田郡大河原町西町1-5シティ西町213,51,A
亀井 丈夫(カメイ タケオ),〒738-0035 広島県廿日市市宮園2-20,68,O
亀井 禎(カメイ タダシ),〒038-3275 青森県つがる市木造永田2-5-4,80,A
亀井 春彦(カメイ ハルヒコ),〒883-0033 宮崎県日向市塩見4-8,43,O
唐沢 孝宏(カラサワ タカヒロ),〒817-1253 長崎県対馬市豊玉町卯麦1-10-14,30,B
唐沢 実緒(カラサワ ミオ),〒929-2113 石川県七尾市西下町3-2-11,87,B
川井 文音(カワイ アヤネ),〒660-0866 兵庫県尼崎市汐町4-9-2,39,A
川合 佐太郎(カワイ サタロウ),〒616-8316 京都府京都市右京区嵯峨野有栖川町1-7-10,86,B
川合 敏之(カワイ トシユキ),〒028-5221 岩手県二戸郡一戸町小鳥谷1-13-14小鳥谷ステーション109,58,A
河内 舞(カワウチ マイ),〒522-0062 滋賀県彦根市立花町2-2,73,B
河上 喜代(カワカミ キヨ),〒604-8206 京都府京都市中京区町頭町1-15-13,22,O
川上 徳康(カワカミ トクヤス),〒890-0063 鹿児島県鹿児島市鴨池3-4-7鴨池フォレスト406,83,B
河上 利子(カワカミ トシコ),〒633-2106 奈良県宇陀市大宇陀馬取柿3-7,85,A
河上 満雄(カワカミ ミツオ),〒988-0167 宮城県気仙沼市赤岩羽田2-18,33,B
河上 理紗(カワカミ リサ),〒629-0334 京都府南丹市日吉町天若1-12-18日吉町天若ドリーム401,89,A
河口 明美(カワグチ アキメ),〒817-0011 長崎県対馬市厳原町宮谷4-18-2ザ厳原町宮谷100,48,O
河口 花音(カワグチ カノン),〒939-1844 富山県南砺市野口4-1ザ野口114,36,AB
川口 重治(カワグチ シゲハル),〒945-1246 新潟県柏崎市清水谷4-3,42,B
川口 竹男(カワグチ タケオ),〒312-0061 茨城県ひたちなか市稲田1-5稲田シティ406,70,O
川越 祐昭(カワゴエ ヒロアキ),〒848-0002 佐賀県伊万里市南波多町谷口1-18南波多町谷口ハウス416,60,A
川越 悠希(カワゴエ ユウキ),〒790-0053 愛媛県松山市竹原3-7-18,47,A
川島 佳音(カワシマ カノン),〒876-0802 大分県佐伯市日の出町4-12キャッスル日の出町201,58,B
川島 佳穂(カワシマ カホ),〒709-4331 岡山県勝田郡勝央町植月北3-16テラス植月北412,77,B
川島 竹次郎(カワシマ タケジロウ),〒013-0356 秋田県横手市大雄一ノ関南4-11大雄一ノ関南荘402,73,B
川瀬 幸治(カワセ コウジ),〒534-0016 大阪府大阪市都島区友渕町4-13友渕町メゾン415,67,A
川瀬 和佳(カワセ ワカ),〒300-1263 茨城県つくば市富士見台3-6-17,20,B
川添 敦盛(カワゾエ アツモリ),〒384-1303 長野県南佐久郡南牧村広瀬2-3-18広瀬ヒル307,84,B
河田 奈保美(カワダ ナホミ),〒987-2115 宮城県栗原市高清水一本松3-9,61,A
河野 皇翠(カワノ キスイ),〒370-1214 群馬県高崎市根小屋町1-5根小屋町コーポ412,21,AB
川原 悠(カワハラ ハルカ),〒420-0931 静岡県静岡市葵区観山3-7-19,75,O
川畑 金弥(カワバタ キンヤ),〒841-0203 佐賀県三養基郡基山町園部2-6,58,O
川端 寛子(カワバタ ヒロコ),〒379-1613 群馬県利根郡みなかみ町高日向1-9高日向コンフォート203,62,A
川端 麻里(カワバタ マリ),〒038-3161 青森県つがる市木造濁川2-4-7,43,A
川村 有沙(カワムラ アリサ),〒013-0455 秋田県横手市大雄大谷地西2-3-10プラザ大雄大谷地西211,58,A
河村 涼(カワムラ リョウ),〒689-0353 鳥取県鳥取市気高町郡家2-4-13,75,B
川本 和之(カワモト カズユキ),〒868-0064 熊本県人吉市東大塚町2-9-13東大塚町ステーション107,54,O
河本 紗季(カワモト サキ),〒877-1223 大分県日田市市ノ瀬町1-12-12,45,A
川本 春男(カワモト ハルオ),〒039-0505 青森県三戸郡南部町鳥谷4-1-19鳥谷庵113,82,B
川本 真人(カワモト マサト),〒899-1321 鹿児島県出水郡長島町下山門野3-6-12下山門野ドリーム300,48,A
河本 泰子(カワモト ヤスコ),〒769-1625 香川県観音寺市大野原町海老済1-8,89,AB
菅 清花(カン サヤカ),〒854-0074 長崎県諫早市山川町1-2-15,47,A
菅 鈴音(カン スズネ),〒044-0125 北海道虻田郡京極町東花4-9-14,59,A
関 美里(カン ミサト),〒475-0859 愛知県半田市天王町4-8-17,89,A
神田 泉(カンダ イズミ),〒394-0042 長野県岡谷市成田町3-3-16,34,O
木内 正樹(キウチ マサキ),〒300-2639 茨城県つくば市中東2-9-10,52,O
木内 百合子(キウチ ユリコ),〒108-0073 東京都港区三田2-5-14フォレスト三田217,38,B
菊田 章夫(キクタ アキオ),〒963-4701 福島県田村市都路町古道1-15,58,O
菊田 蓮(キクタ レン),〒780-8035 高知県高知市河ノ瀬町3-18,22,A
菊池 真吉(キクチ シンキチ),〒960-0783 福島県伊達市梁川町本町1-2-5,26,O
菊池 紬(キクチ ツムギ),〒768-0032 香川県観音寺市原町3-16,44,O
菊地 遥花(キクチ ハルカ),〒243-0012 神奈川県厚木市幸町3-8-6キャッスル幸町409,75,O
岸 向日葵(キシ ヒマリ),〒289-0222 千葉県香取郡神崎町並木4-18-7,85,O
岸 誠之(キシ マサユキ),〒327-0305 栃木県佐野市船越町2-15,48,B
岸田 広重(キシダ ヒロシゲ),〒795-0076 愛媛県大洲市藤縄4-4-10プレイス藤縄101,78,O
岸田 夢(キシダ ユメ),〒769-2516 香川県東かがわ市土居2-11,41,A
喜多 絢(キタ アヤ),〒529-1213 滋賀県愛知郡愛荘町沖4-5-2,46,O
北尾 梢(キタオ コズエ),〒744-0003 山口県下松市琴平町1-17ハイツ琴平町107,51,B
北尾 詩織(キタオ シオリ),〒260-0003 千葉県千葉市中央区鶴沢町3-19-4,56,A
北岡 奈津子(キタオカ ナツコ),〒039-2821 青森県上北郡七戸町大平3-10-1タウン大平202,61,O
北島 聡美(キタジマ サトミ),〒861-2244 熊本県上益城郡益城町寺迫1-7-8,36,A
北島 沙也佳(キタジマ サヤカ),〒863-1202 熊本県天草市河浦町河浦3-1-8,81,O
北田 明(キタダ アキラ),〒899-7309 鹿児島県曽於郡大崎町井俣3-4-16ハイツ井俣310,26,B
北田 伊都子(キタダ イツコ),〒877-1224 大分県日田市秋原町1-2-6,48,A
北田 奏(キタダ カナデ),〒750-0604 山口県美祢市豊田前町保々2-19-6,67,A
北野 武志(キタノ タケシ),〒386-1107 長野県上田市築地4-1築地ダイヤモンド114,31,B
北原 清志(キタハラ キヨシ),〒634-0025 奈良県橿原市木之本町3-12-9木之本町ダイヤモンド216,81,O
北原 奈保美(キタハラ ナホミ),〒999-3753 山形県東根市若木四条通り4-15-20,39,B
北原 麻里(キタハラ マリ),〒520-3114 滋賀県湖南市石部口4-20石部口パレス108,80,A
北山 俊昭(キタヤマ トシアキ),〒987-0367 宮城県登米市豊里町川前1-15-17豊里町川前コート214,61,A
木田 杏奈(キダ アンナ),〒516-0065 三重県伊勢市二俣町3-20-2二俣町ステージ114,38,A
城戸 絢友(キド ケンユウ),〒920-2347 石川県白山市仏師ケ野町1-16-13,28,A
木戸 文隆(キド フミタカ),〒467-0824 愛知県名古屋市瑞穂区甲山町3-6-13,26,A
城戸 喜晴(キド ヨシハル),〒982-0211 宮城県仙台市太白区佐保山3-15,45,B
清田 桜花(キヨタ オウカ),〒869-1826 熊本県阿蘇郡高森町河原1-14河原ステーション210,73,AB
清野 明弘(キヨノ アキヒロ),〒699-5216 島根県鹿足郡津和野町池村2-3-9,56,O
清水 悦夫(キヨミズ エツオ),〒779-3503 徳島県吉野川市美郷高野尾2-4,47,A
清水 真里(キヨミズ マリ),〒025-0003 岩手県花巻市東宮野目3-2,78,O
清水 要一(キヨミズ ヨウイチ),〒462-0823 愛知県名古屋市北区東大曽根町上2-4-7東大曽根町上タウン304,80,B
日下 清二(クサカ セイジ),〒671-2515 兵庫県宍粟市山崎町五十波4-2山崎町五十波ヒル209,31,A
楠 金蔵(クスノキ キンゾウ),〒682-0173 鳥取県東伯郡三朝町恩地1-1恩地庵302,39,B
楠 実桜(クスノキ ミオ),〒880-0814 宮崎県宮崎市江平中町1-13,44,B
楠本 四郎(クスモト シロウ),〒289-0124 千葉県成田市西大須賀2-20-1,28,B
楠本 由佳利(クスモト ユカリ),〒891-5204 鹿児島県鹿児島郡十島村悪石島4-1-19,61,O
工藤 喜美子(クドウ キミコ),〒912-0204 福井県大野市貝皿3-19-6,64,O
桑原 静香(クハバラ シズカ),〒107-0061 東京都港区北青山1-2レジデンス北青山309,66,B
桑原 穂乃佳(クハバラ ホノカ),〒791-8060 愛媛県松山市三津ふ頭1-7-15,35,O
桑原 良太(クハバラ リョウタ),〒698-0213 島根県益田市美都町朝倉1-5-16美都町朝倉ダイヤモンド203,40,AB
久保 覚(クボ サトシ),〒904-0107 沖縄県中頭郡北谷町大村3-10-1,45,A
久保田 重雄(クボタ シゲオ),〒709-0875 岡山県岡山市東区瀬戸町寺地1-3-12,88,B
窪田 俊史(クボタ トシフミ),〒298-0277 千葉県夷隅郡大多喜町粟又3-1-20,87,A
熊沢 久美(クマザワ クミ),〒919-2215 福井県大飯郡高浜町南団地3-12南団地プレイス412,32,A
熊沢 重一(クマザワ シゲカズ),〒242-0018 神奈川県大和市深見西1-10-4,34,O
熊沢 重行(クマザワ シゲユキ),〒774-0044 徳島県阿南市上中町3-18-11,52,O
熊沢 忠彦(クマザワ タダヒコ),〒719-1134 岡山県総社市真壁1-7-4真壁メゾン308,37,AB
熊田 奏拓(クマダ ソウタク),〒942-0172 新潟県上越市頸城区宮本3-2-17,21,A
熊田 汎平(クマダ ハンペイ),〒732-0817 広島県広島市南区比治山町2-4-13,26,B
熊田 秀子(クマダ ヒデコ),〒848-0141 佐賀県伊万里市黒川町清水4-14-3,47,B
久米 小雪(クメ コユキ),〒990-2355 山形県山形市二位田2-12-12二位田コーポ108,20,A
倉田 徳三郎(クラタ トクサブロウ),〒329-2512 栃木県矢板市東泉4-9-16東泉ドリーム301,38,A
倉橋 亜衣(クラハシ アイ),〒904-0112 沖縄県中頭郡北谷町浜川1-4-7,29,A
倉持 真結(クラモチ マユ),〒101-0029 東京都千代田区神田相生町4-17-3グリーン神田相生町116,35,O
倉持 美久(クラモチ ミク),〒820-0322 福岡県嘉麻市屏2-16-8ゴールデン屏414,52,B
倉本 哲美(クラモト テツミ),〒503-0884 岐阜県大垣市中町3-14-11中町シティ110,73,A
栗田 謙一(クリタ ケンイチ),〒865-0115 熊本県玉名郡和水町久米野3-3-14久米野プラザ115,24,O
栗原 完治(クリハラ カンジ),〒062-0022 北海道札幌市豊平区月寒西二条2-4-3月寒西二条ロイヤル211,85,B
栗原 祐二(クリハラ ユウジ),〒923-1272 石川県能美郡川北町下田子島2-17-6下田子島の杜312,55,O
栗原 優斗(クリハラ ユウト),〒571-0044 大阪府門真市松生町3-4-6,24,B
栗山 慎一郎(クリヤマ シンイチロウ),〒631-0077 奈良県奈良市富雄川西1-12-10,58,O
栗山 蓮(クリヤマ レン),〒274-0806 千葉県船橋市二和西3-16-16二和西パレス416,65,O
黒岩 愛香(クロイワ アイカ),〒421-1101 静岡県藤枝市岡部町玉取2-4-13岡部町玉取の杜407,24,A
黒川 久美子(クロカワ クミコ),〒039-2647 青森県上北郡東北町外蛯沢後久保1-18-8外蛯沢後久保の杜401,82,A
黒川 節夫(クロカワ セツオ),〒682-0932 鳥取県倉吉市蔵内3-5,78,A
黒川 美姫(クロカワ ミキ),〒514-0017 三重県津市相生町1-11-9相生町の杜101,67,AB
黒木 絵美(クロキ エミ),〒514-2212 三重県津市芸濃町岡本3-4,20,A
黒木 正吾(クロキ ショウゴ),〒746-0035 山口県周南市日地町4-17-3ザ日地町413,49,A
黒澤 直吉(クロサワ ナオキチ),〒680-0017 鳥取県鳥取市尚徳町4-10尚徳町ヴィレッジ118,26,A
黒沢 璃奈(クロサワ リナ),〒646-0022 和歌山県田辺市東山4-4,53,A
黒崎 妃奈(クロザキ ヒナ),〒080-1282 北海道河東郡士幌町友愛1-7-16,49,AB
黒田 瑞樹(クロダ ミズキ),〒501-1123 岐阜県岐阜市古市場高田4-12-17,50,O
桑田 優奈(クワタ ユウナ),〒904-0416 沖縄県国頭郡恩納村山田3-17-1,41,A
郡司 彩華(グンジ アヤカ),〒901-0342 沖縄県糸満市糸洲1-6糸洲ヴィレッジ115,59,B
郡司 宙子(グンジ ヒロコ),〒693-0054 島根県出雲市浜町4-13,63,B
郡司 結芽(グンジ ユメ),〒024-0324 岩手県北上市和賀町山口4-20-16,68,A
小池 裕人(コイケ ヒロト),〒430-0854 静岡県浜松市中区瓜内町2-8-12瓜内町キャッスル402,62,B
小泉 穂乃佳(コイズミ ホノカ),〒407-0053 山梨県韮崎市円野町入戸野1-11-8,26,AB
小泉 愛海(コイズミ マナミ),〒771-5407 徳島県那賀郡那賀町雄1-10-3メゾン雄102,63,A
香坂 講一(コウサカ コウイチ),〒756-0052 山口県山陽小野田市浜田町3-9-3,45,A
神戸 千里(コウベ チサト),〒682-0311 鳥取県東伯郡三朝町福山3-8-11タウン福山300,85,A
神戸 響(コウベ ヒビキ),〒921-8804 石川県野々市市野代1-4野代コンフォート419,20,A
小久保 有正(コクボ アリマサ),〒720-0411 広島県福山市熊野町1-14-15熊野町コーポ304,75,B
小久保 夏子(コクボ ナツコ),〒738-0042 広島県廿日市市地御前1-12-6リバーサイド地御前109,27,B
小久保 秀子(コクボ ヒデコ),〒504-0032 岐阜県各務原市那加神田町3-9,82,O
小暮 来未(コグレ クルミ),〒088-2265 北海道川上郡標茶町シラルトロ1-4-1レジデンスシラルトロ307,37,B
小暮 孝夫(コグレ タカオ),〒015-0884 秋田県由利本荘市狐森4-11-8,83,A
小島 花鈴(コジマ カリン),〒427-0036 静岡県島田市三ツ合町3-13,56,A
児島 恭子(コジマ キョウコ),〒561-0826 大阪府豊中市島江町2-10-8,68,A
児島 沙紀(コジマ サキ),〒862-0973 熊本県熊本市中央区大江本町4-12-19大江本町ランド108,59,A
児島 英明(コジマ ヒデアキ),〒888-0007 宮崎県串間市南方2-10-18南方テラス418,48,O
小島 光昭(コジマ ミツアキ),〒029-0804 岩手県一関市千厩町磐清水1-17-17,78,B
小杉 泰志(コスギ タイシ),〒703-8206 岡山県岡山市中区賞田3-19,23,O
小杉 利吉(コスギ リキチ),〒880-0842 宮崎県宮崎市青葉町4-7-15,78,O
小平 金次郎(コダイラ キンジロウ),〒373-0012 群馬県太田市清原町2-7-15,63,A
児玉 静(コダマ シズ),〒999-6848 山形県酒田市竹田4-20ガーデン竹田403,71,O
小西 有紗(コニシ アリサ),〒871-0313 大分県中津市本耶馬渓町落合1-17本耶馬渓町落合メゾン409,51,O
小西 三枝子(コニシ ミエコ),〒999-5205 山形県最上郡鮭川村中渡2-10-5中渡マンション113,67,O
小林 恵一(コバヤシ ケイイチ),〒999-3115 山形県上山市高野2-9コーポ高野106,51,A
小堀 千代子(コボリ チヨコ),〒675-0148 兵庫県加古郡播磨町北古田3-3-1ドリーム北古田306,75,A
小峰 功一(コミネ コウイチ),〒036-0242 青森県平川市猿賀下野4-14-17,89,A
小峰 公平(コミネ コウヘイ),〒528-0213 滋賀県甲賀市土山町大澤1-7-13,81,A
小峰 敏郎(コミネ トシロウ),〒781-6741 高知県室戸市羽根町甲1-7-3プラチナ羽根町甲309,38,O
小宮 雫(コミヤ シズク),〒737-2602 広島県呉市川尻町森2-6-4川尻町森ヒル202,88,AB
小宮 春雄(コミヤ ハルオ),〒097-0011 北海道稚内市はまなす4-19-8タウンはまなす406,43,O
小村 猛(コムラ タケシ),〒312-0043 茨城県ひたちなか市共栄町2-5-16共栄町庵402,87,B
小村 日菜子(コムラ ヒナコ),〒964-0037 福島県二本松市原セ川原1-8原セ川原メゾン419,53,O
小村 風優人(コムラ フユト),〒572-0084 大阪府寝屋川市香里南之町4-2-10香里南之町ドリーム208,23,B
小室 昌己(コムロ マサミ),〒798-1312 愛媛県北宇和郡鬼北町川上4-8-11,39,AB
小室 満夫(コムロ ミツオ),〒238-0021 神奈川県横須賀市富士見町3-17-14スイート富士見町411,25,A
米山 享(コメヤマ トオル),〒873-0007 大分県杵築市片野3-4片野シティ215,77,B
米山 義則(コメヤマ ヨシノリ),〒640-8326 和歌山県和歌山市新留丁2-5-3,70,A
小柳 幸四郎(コヤナギ コウシロウ),〒322-0045 栃木県鹿沼市上殿町4-4-11,87,B
小柳 隆史(コヤナギ タカシ),〒020-0614 岩手県滝沢市上中村1-2,70,B
小柳 麻世(コヤナギ マヨ),〒904-1304 沖縄県国頭郡宜野座村漢那1-7-18メゾン漢那214,83,A
今 留美(コン ルミ),〒920-0951 石川県金沢市花里町2-7-13,59,A
近藤 俊史(コンドウ トシフミ),〒979-0216 福島県いわき市四倉町玉山4-1-7シティ四倉町玉山404,68,O
近藤 知世(コンドウ トモヨ),〒798-4215 愛媛県南宇和郡愛南町小成川2-10-9小成川ゴールデン214,52,B
紺野 一也(コンノ カズヤ),〒928-0015 石川県輪島市市ノ瀬町1-13市ノ瀬町パレス201,81,B
紺野 颯介(コンノ ソウスケ),〒306-0602 茨城県坂東市平八新田2-8-20,21,B
紺野 明星(コンノ メイセイ),〒833-0023 福岡県筑後市馬間田4-8-20,25,AB
後藤 柚花(ゴトウ ユズカ),〒506-0023 岐阜県高山市川原町2-19,47,A
斉藤 皐(サイトウ サツキ),〒039-1528 青森県三戸郡五戸町浅水3-5-6,74,O
斉藤 利伸(サイトウ トシノブ),〒861-1102 熊本県合志市須屋3-1,83,O
斎藤 宏寿(サイトウ ヒロトシ),〒781-0010 高知県高知市薊野2-17,73,O
齋藤 桃花(サイトウ モモカ),〒379-2163 群馬県前橋市女屋町1-12-12,58,A
坂井 花楓(サカイ カエデ),〒885-1202 宮崎県都城市高城町穂満坊3-20-12,39,AB
酒井 勝彦(サカイ カツヒコ),〒418-0101 静岡県富士宮市根原2-8-10,40,O
酒井 咲季(サカイ サキ),〒557-0052 大阪府大阪市西成区潮路4-6,88,AB
坂井 治夫(サカイ ハルオ),〒899-0406 鹿児島県出水市高尾野町上水流4-3-2高尾野町上水流ヒル405,57,B
坂上 千夏(サカガミ チナツ),〒381-2422 長野県長野市信州新町日原東3-19-19,44,O
坂上 春香(サカガミ ハルカ),〒321-0631 栃木県那須烏山市城山1-15-6,64,O
榊原 羽久翔(サカキバラ ハクト),〒927-1462 石川県珠洲市三崎町小泊3-6-14,24,O
坂下 憲治(サカシタ ケンジ),〒794-0012 愛媛県今治市美保町4-5-8,24,O
坂下 賢明(サカシタ タテアキ),〒010-0456 秋田県南秋田郡大潟村東野1-10-8,56,A
坂田 佳奈子(サカタ カナコ),〒861-3661 熊本県上益城郡山都町長原1-11,21,O
坂野 真衣(サカノ マイ),〒520-1622 滋賀県高島市今津町中沼1-20-4,85,A
坂本 佳那子(サカモト カナコ),〒531-0075 大阪府大阪市北区大淀南4-12-20,31,O
坂本 晋(サカモト ススム),〒750-0077 山口県下関市彦島弟子待東町2-3-14,33,A
坂本 利之(サカモト トシユキ),〒306-0613 茨城県坂東市大口新田2-7大口新田荘202,83,A
坂元 楓香(サカモト フウカ),〒018-0142 秋田県にかほ市象潟町大須郷4-1-17,59,A
坂元 泰男(サカモト ヤスオ),〒744-0003 山口県下松市琴平町4-15-6琴平町ステーション205,20,O
砂川 武信(サガワ タケノブ),〒905-1501 沖縄県国頭郡国頭村奥3-15,36,B
佐久間 正文(サクマ マサフミ),〒782-0031 高知県香美市土佐山田町東本町2-18,34,AB
佐久間 麻友(サクマ マユ),〒969-6213 福島県大沼郡会津美里町勝原4-16-2,72,O
櫻井 愛佳(サクライ アイカ),〒600-8834 京都府京都市下京区和気町2-11-10和気町ランド109,36,O
櫻井 啓子(サクライ ケイコ),〒762-0087 香川県丸亀市飯山町西坂元4-16,48,A
桜井 五月(サクライ サツキ),〒905-1303 沖縄県国頭郡大宜味村喜如嘉3-10-6,70,B
櫻井 桃歌(サクライ モモカ),〒861-8083 熊本県熊本市北区楡木4-10,89,A
桜井 紫(サクライ ユカリ),〒545-0034 大阪府大阪市阿倍野区阿倍野元町1-9阿倍野元町フォレスト216,59,O
笹原 誠之(ササハラ マサユキ),〒380-0821 長野県長野市上千歳町3-6,84,A
笹原 真実(ササハラ マミ),〒998-0834 山形県酒田市若竹町2-20,42,A
笹本 和茂(ササモト カズシゲ),〒479-0064 愛知県常滑市斧口3-8斧口庵217,64,A
笹森 百花(ササモリ モモカ),〒805-0054 福岡県北九州市八幡東区天神町4-19,47,O
佐竹 勇治(サタケ ユウジ),〒841-0202 佐賀県三養基郡基山町長野1-1-16,60,AB
佐竹 理絵(サタケ リエ),〒638-0233 奈良県吉野郡黒滝村長瀬1-8-6,63,B
佐藤 心美(サトウ ココミ),〒345-0012 埼玉県北葛飾郡杉戸町深輪2-20深輪メゾン114,83,A
佐藤 三郎(サトウ サブロウ),〒794-2201 愛媛県今治市宮窪町早川4-16-10宮窪町早川ヒル114,81,A
佐藤 秀実(サトウ ヒデミ),〒928-0067 石川県輪島市光浦町1-10,56,A
佐野 信玄(サノ シンゲン),〒928-0044 石川県輪島市下黒川町1-10-2ヴィレッジ下黒川町400,78,B
鮫島 茂(サメジマ シゲル),〒919-0417 福井県坂井市春江町江留下相田2-14コーポ春江町江留下相田317,29,B
鮫島 戸敷(サメジマ トシキ),〒781-4222 高知県香美市香北町五百蔵3-12-9,29,AB
塩崎 華絵(シオザキ カエ),〒301-0034 茨城県龍ケ崎市小通幸谷町3-19-9,27,O
塩崎 空大(シオザキ タカヒロ),〒299-2222 千葉県南房総市宮谷3-13,28,B
塩田 二三男(シオダ フミオ),〒689-1323 鳥取県鳥取市佐治町余戸2-14-15佐治町余戸ハイツ214,23,A
塩見 伸浩(シオミ ノブヒロ),〒863-2507 熊本県天草郡苓北町富岡4-12-14ハウス富岡305,71,O
志賀 紗那(シガ サナ),〒016-0837 秋田県能代市西赤沼2-2レジデンス西赤沼112,74,O
志賀 早百合(シガ サユリ),〒329-0602 栃木県河内郡上三川町東汗3-18-4,81,A
志賀 卓也(シガ タクヤ),〒762-0057 香川県坂出市宮下町3-11-3宮下町ステージ104,37,O
滋賀 比呂(シガ ヒロ),〒840-0532 佐賀県佐賀市富士町大野3-20-6,38,A
重田 七菜(シゲタ ナナ),〒864-0023 熊本県荒尾市水野4-6-16水野庵300,68,O
重松 里美(シゲマツ サトミ),〒301-0855 茨城県龍ケ崎市藤ケ丘1-13-6藤ケ丘庵208,78,O
重松 次男(シゲマツ ツギオ),〒894-1510 鹿児島県大島郡瀬戸内町古仁屋瀬久井西4-19-3古仁屋瀬久井西コーポ100,70,B
重松 由奈(シゲマツ ユナ),〒001-0021 北海道札幌市北区北二十一条西1-20,25,B
重松 玲菜(シゲマツ レナ),〒347-0106 埼玉県加須市外川2-17,39,B
宍戸 幸彦(シシド ユキヒコ),〒854-0086 長崎県諫早市堀の内町3-1-14,61,AB
宍戸 梨央(シシド リオ),〒969-4514 福島県耶麻郡西会津町宝坂宝坂2-14-20ガーデン宝坂宝坂118,20,O
篠崎 亜子(シノザキ アコ),〒640-8381 和歌山県和歌山市畑屋敷東ノ丁4-18-2,81,B
篠崎 裕二(シノザキ ユウジ),〒689-0711 鳥取県東伯郡湯梨浜町松崎2-10-2,31,O
篠田 香(シノダ カオル),〒714-0081 岡山県笠岡市笠岡4-19笠岡アパート211,76,B
篠田 千佳(シノダ チカ),〒231-0053 神奈川県横浜市中区初音町4-7-3,81,A
篠原 啓之(シノハラ ヒロユキ),〒668-0264 兵庫県豊岡市出石町暮坂2-19-15リバーサイド出石町暮坂211,38,O
島崎 直子(シマザキ ナオコ),〒601-8469 京都府京都市南区唐橋平垣町1-10-20唐橋平垣町マンション107,63,O
嶋田 典大(シマダ ノリヒロ),〒402-0004 山梨県都留市古川渡1-5古川渡ランド210,22,A
嶋田 遥香(シマダ ハルカ),〒696-0712 島根県邑智郡美郷町比敷1-19,44,O
島津 茉奈(シマヅ マナ),〒852-8126 長崎県長崎市石神町1-9-10,81,A
島津 幸也(シマヅ ユキヤ),〒259-1121 神奈川県伊勢原市下落合1-1-4,77,A
島村 歩実(シマムラ アユミ),〒949-8402 新潟県十日町市桂2-3,58,O
島本 幸太郎(シマモト コウタロウ),〒649-4121 和歌山県東牟婁郡串本町古田3-19-15,32,A
島本 心結(シマモト ミユ),〒987-0426 宮城県登米市南方町若狭前4-6,57,A
下川 正康(シモカワ マサヤス),〒342-0013 埼玉県吉川市吉屋2-9,35,B
下田 一(シモダ ハジメ),〒680-1208 鳥取県鳥取市河原町鮎ケ丘3-4,54,O
下村 信吉(シモムラ シンキチ),〒689-5214 鳥取県日野郡日南町三栄1-3ロイヤルパレス三栄218,62,O
首藤 満喜子(シュドウ マキコ),〒671-2557 兵庫県宍粟市山崎町中比地3-9-16コート山崎町中比地410,87,B
首藤 美枝子(シュドウ ミエコ),〒510-0308 三重県津市河芸町中瀬3-8,44,A
庄司 英紀(ショウジ ヒデノリ),〒515-0823 三重県松阪市阿形町4-15-14,64,O
東海林 楓花(ショウジ フウカ),〒876-0825 大分県佐伯市女島団地1-10,62,A
白井 彩香(シライ アヤカ),〒622-0313 京都府船井郡京丹波町保井谷4-17-13保井谷の杜417,34,A
白井 泰誠(シライ タイセイ),〒779-3120 徳島県徳島市国府町南岩延3-16-10パーク国府町南岩延219,22,O
白井 雅人(シライ マサト),〒563-0353 大阪府豊能郡能勢町柏原3-19-9,23,O
白川 次夫(シラカワ ツギオ),〒639-1007 奈良県大和郡山市南郡山町4-7-19南郡山町フォレスト114,59,AB
白川 瑞稀(シラカワ ミズキ),〒640-8014 和歌山県和歌山市西仲間町3-7-17,67,O
白木 克美(シラキ カツミ),〒261-0025 千葉県千葉市美浜区浜田3-19,40,A
白木 幸一郎(シラキ コウイチロウ),〒039-0805 青森県三戸郡南部町小泉2-15-17,45,B
白木 敏宏(シラキ トシヒロ),〒329-1103 栃木県宇都宮市東岡本町2-6パレス東岡本町217,60,A
白木 美保(シラキ ミホ),〒881-1123 宮崎県西都市中尾1-9,72,O
白鳥 志保(シラトリ シホ),〒904-1203 沖縄県国頭郡金武町屋嘉1-10-17,33,A
新川 麻子(シンカワ マコ),〒036-0101 青森県平川市大光寺種元3-8,53,A
進藤 孝通(シンドウ タカミチ),〒940-0128 新潟県長岡市上塩3-19-18,42,B
進藤 利津子(シンドウ リツコ),〒630-2233 奈良県山辺郡山添村毛原1-19-19,77,A
新保 利雄(シンポ トシオ),〒876-2403 大分県佐伯市蒲江野々河内浦1-14-2,37,A
新保 義美(シンポ ヨシミ),〒515-3132 三重県津市白山町北家城4-1,37,A
神保 紀夫(ジンボ ノリオ),〒360-0012 埼玉県熊谷市上之2-17-8キャッスル上之106,74,AB
神保 裕美(ジンボ ヒロミ),〒920-0125 石川県金沢市今泉町3-1-16今泉町の杜318,64,O
末永 理子(スエナガ リコ),〒682-0611 鳥取県倉吉市杉野3-15-17,74,AB
須賀 真結(スガ マユ),〒329-4413 栃木県栃木市大平町上高島1-15,42,A
菅沼 佳那子(スガヌマ カナコ),〒501-5105 岐阜県郡上市白鳥町干田野4-3,84,O
菅沼 譲(スガヌマ ユズル),〒656-2302 兵庫県淡路市大磯3-20,68,A
菅野 聡(スガノ サトシ),〒959-3918 新潟県村上市中継1-8-20,86,O
菅野 政勝(スガノ マサカツ),〒545-0034 大阪府大阪市阿倍野区阿倍野元町1-17-13プレイス阿倍野元町119,69,A
菅谷 貞一(スガヤ テイイチ),〒509-5112 岐阜県土岐市肥田浅野笠神町4-15肥田浅野笠神町キャッスル314,52,AB
菅谷 宏(スガヤ ヒロシ),〒470-0505 愛知県豊田市柏ケ洞町1-14-7柏ケ洞町レジデンス213,25,O
杉野 花歩(スギノ カホ),〒849-1311 佐賀県鹿島市高津原2-4-7,42,AB
杉野 孝三(スギノ コウゾウ),〒041-0813 北海道函館市亀田本町2-11-6亀田本町ヴィレッジ419,31,O
杉村 勝義(スギムラ カツヨシ),〒862-0950 熊本県熊本市中央区水前寺2-20-10水前寺荘403,63,AB
杉村 良和(スギムラ ヨシカズ),〒879-6134 大分県竹田市荻町瓜作1-5,43,AB
杉本 志穂(スギモト シホ),〒883-0013 宮崎県日向市新生町4-20-1,70,O
杉本 彦太郎(スギモト ヒコタロウ),〒181-0012 東京都三鷹市上連雀3-11-10,63,B
杉本 貢(スギモト ミツグ),〒088-0181 北海道十勝郡浦幌町直別3-8直別ドリーム303,25,O
杉山 未来(スギヤマ ミライ),〒876-0015 大分県佐伯市百谷4-20-16,49,O
鈴木 忠吉(スズキ チュウキチ),〒798-0010 愛媛県宇和島市北新町1-4-3,49,AB
鈴木 隆介(スズキ リュウスケ),〒811-1123 福岡県福岡市早良区内野3-14-4パレス内野214,41,O
住田 空希(スミダ コウキ),〒790-0916 愛媛県松山市束本2-17ハイツ束本406,20,A
住田 長治(スミダ チョウジ),〒300-0526 茨城県稲敷市松山2-2-13,87,B
瀬尾 亜美(セオ アミ),〒524-0021 滋賀県守山市吉身町4-2-10,48,B
瀬尾 勇一(セオ ユウイチ),〒389-1205 長野県上水内郡飯綱町川谷2-16フォレスト川谷405,84,B
瀬尾 裕司(セオ ユウジ),〒683-0322 鳥取県西伯郡南部町阿賀2-5-6,81,O
関口 光昭(セキグチ ミツアキ),〒697-0045 島根県浜田市京町3-18-14,30,B
関根 菜帆(セキネ ナホ),〒649-7155 和歌山県伊都郡かつらぎ町島4-7-7,21,O
関本 沙也香(セキモト サヤカ),〒771-2503 徳島県三好郡東みよし町東山3-11,61,B
関本 秀男(セキモト ヒデオ),〒604-8206 京都府京都市中京区町頭町3-19-8,86,O
関本 理穂(セキモト リホ),〒694-0054 島根県大田市鳥井町鳥井4-18-6,57,O
関谷 茂夫(セキヤ シゲオ),〒857-0352 長崎県北松浦郡佐々町口石免2-17-15,69,A
関谷 美和子(セキヤ ミワコ),〒509-1101 岐阜県加茂郡白川町白山2-15-10,39,O
瀬戸 隆男(セト タカオ),〒960-0403 福島県伊達市前川原1-16,61,AB
相馬 清一郎(ソウマ セイイチロウ),〒299-5256 千葉県勝浦市大沢1-19-3,57,B
相馬 俊雄(ソウマ トシオ),〒824-0242 福岡県京都郡みやこ町犀川犬丸4-4,53,AB
曽我 美奈江(ソガ ミナエ),〒745-0034 山口県周南市御幸通り1-7-18御幸通りレジデンス412,86,A
曽根 重樹(ソネ シゲキ),〒010-0971 秋田県秋田市八橋三和町4-20,34,AB
曽根 芳彦(ソネ ヨシヒコ),〒220-0001 神奈川県横浜市西区北軽井沢4-19-12北軽井沢ロイヤルパレス202,41,B
園田 千晴(ソノダ チハル),〒752-0987 山口県下関市長府羽衣町4-16,49,O
平 和夫(タイラ カズオ),〒734-0052 広島県広島市南区堀越1-20,53,A
平 義哉(タイラ ヨシヤ),〒984-0845 宮城県仙台市若林区二木4-11二木グリーン416,56,A
田上 賢治(タウエ ケンジ),〒913-0017 福井県坂井市三国町竹松4-17-6,66,O
田上 昭一(タウエ ショウイチ),〒781-3604 高知県長岡郡本山町井窪1-11-18井窪荘316,63,B
田上 当麻(タウエ トウマ),〒987-2158 宮城県栗原市高清水本道4-7,39,A
田上 栄伸(タウエ ヨシノブ),〒360-0233 埼玉県熊谷市八木田2-10-11リバーサイド八木田404,73,AB
高井 有里(タカイ ユリ),〒760-0006 香川県高松市亀岡町2-15-10プレイス亀岡町102,37,A
高尾 瑠璃(タカオ ルリ),〒756-0814 山口県山陽小野田市千代町3-8,52,AB
高岡 花奈(タカオカ ハナ),〒059-1982 北海道勇払郡安平町追分美園4-3-11,60,O
高岡 政志(タカオカ マサシ),〒311-1527 茨城県鉾田市借宿4-11-19,75,B
高岡 有美(タカオカ ユミ),〒448-0001 愛知県刈谷市井ケ谷町1-4タワー井ケ谷町213,78,B
高倉 道夫(タカクラ ミチオ),〒918-8202 福井県福井市大東1-2,54,A
高沢 公男(タカザワ キミオ),〒923-1122 石川県能美市東任田町4-17-20東任田町レジデンス201,46,A
高沢 武男(タカザワ タケオ),〒981-1211 宮城県名取市高柳2-5-12,34,A
高嶋 彩香(タカシマ アヤカ),〒018-1527 秋田県南秋田郡井川町井内2-10,46,B
高島 海斗(タカシマ カイト),〒320-0865 栃木県宇都宮市睦町3-14-4,77,AB
高島 典子(タカシマ ノリコ),〒739-0407 広島県廿日市市大野上更地4-2-17,73,A
高嶋 遥奈(タカシマ ハルナ),〒859-3723 長崎県東彼杵郡波佐見町平野郷2-13-15,89,A
高島 瑠美(タカシマ ルミ),〒089-0626 北海道中川郡幕別町西猿別3-19-8ロイヤル西猿別201,62,B
高津 彩華(タカツ アヤカ),〒778-0203 徳島県三好市東祖谷中上1-10東祖谷中上荘317,69,A
高津 勝義(タカツ カツヨシ),〒520-2164 滋賀県大津市上田上中野町1-18-3,68,A
高津 伸夫(タカツ ノブオ),〒910-1315 福井県吉田郡永平寺町せせらぎ2-17-8,72,A
高津 祐希(タカツ ユウキ),〒684-0004 鳥取県境港市大正町3-14大正町スカイ315,56,O
高梨 梨緒(タカナシ リオ),〒325-0013 栃木県那須塩原市鍋掛1-11,39,A
高野 一仁(タカノ カズヒト),〒509-2615 岐阜県下呂市馬瀬西村2-14,54,A
高野 真美(タカノ マミ),〒780-0983 高知県高知市中久万1-20-11グランド中久万113,75,B
高野 円美(タカノ マルミ),〒959-3114 新潟県村上市南新保4-1,56,O
高橋 玲菜(タカハシ レナ),〒680-0402 鳥取県八頭郡八頭町隼福1-2-15,69,B
高畑 敏仁(タカハタ トシヒト),〒433-8113 静岡県浜松市中区小豆餅4-19-16,40,A
高原 千恵(タカハラ チエ),〒636-0132 奈良県生駒郡斑鳩町目安2-10目安荘417,85,O
高原 凛夏子(タカハラ リカコ),〒039-2515 青森県上北郡七戸町蒼前3-19-15,22,A
高松 和人(タカマツ カズト),〒683-0051 鳥取県米子市勝田町3-14パレス勝田町114,86,O
高松 春治(タカマツ ハルジ),〒737-0911 広島県呉市焼山北4-5-11,41,A
高見 靖彦(タカミ ヤスヒコ),〒997-0321 山形県鶴岡市宝谷2-12-18,51,O
高柳 幹夫(タカヤナギ ミキオ),〒811-4166 福岡県宗像市桜1-16,46,O
高山 宣彦(タカヤマ ノブヒコ),〒515-0323 三重県多気郡明和町岩内3-4-14,45,O
高山 弓月(タカヤマ ユヅキ),〒572-0846 大阪府寝屋川市高宮栄町1-11,24,O
田川 慶子(タガワ ケイコ),〒987-2221 宮城県栗原市築館下待井3-11,89,B
田川 省吾(タガワ ショウゴ),〒881-0114 宮崎県西都市藤田3-10-10,82,AB
田川 利彦(タガワ トシヒコ),〒875-0043 大分県臼杵市二王座3-10,66,A
滝 俊行(タキ トシユキ),〒901-2424 沖縄県中頭郡中城村南上原2-19-7,37,O
滝川 大造(タキガワ タイゾウ),〒574-0005 大阪府大東市西楠の里町3-2-10,39,A
滝口 勝治(タキグチ カツジ),〒930-2111 富山県富山市山田鎌倉1-11山田鎌倉ハイツ206,20,O
滝口 良子(タキグチ ヨシコ),〒410-0893 静岡県沼津市くまだか町1-16-5ハウスくまだか町313,55,A
滝田 智(タキタ サトシ),〒267-0057 千葉県千葉市緑区大木戸町1-14,48,AB
滝本 保生(タキモト ヤスオ),〒883-0033 宮崎県日向市塩見2-10リバーサイド塩見114,20,A
田口 友美(タグチ ユミ),〒511-0214 三重県いなべ市員弁町岡丁田4-5-8,57,B
武内 賢一(タケウチ ケンイチ),〒949-8618 新潟県十日町市中条戊4-11-3,30,B
竹内 真理雄(タケウチ マリオ),〒741-0072 山口県岩国市平田3-14-8平田庵301,54,A
竹内 美音(タケウチ ミオ),〒930-0444 富山県中新川郡上市町西種4-19西種ガーデン116,70,A
武内 義行(タケウチ ヨシユキ),〒640-8244 和歌山県和歌山市久右衛門丁3-14-7,48,AB
竹下 真吉(タケシタ シンキチ),〒082-0053 北海道河西郡芽室町東三条南1-13,37,AB
竹下 勉(タケシタ ツトム),〒351-0112 埼玉県和光市丸山台2-18-16ダイヤモンド丸山台204,52,O
武田 昇一(タケダ ショウイチ),〒696-1131 島根県邑智郡美郷町別府4-17,53,B
武田 野乃花(タケダ ノノカ),〒910-0844 福井県福井市長本町3-1-20長本町キャッスル311,37,A
竹田 遥花(タケダ ハルカ),〒501-0555 岐阜県揖斐郡大野町公郷3-17-5,39,O
竹中 直子(タケナカ ナオコ),〒484-0945 愛知県犬山市青塚2-1-20,31,O
竹中 美千子(タケナカ ミチコ),〒509-7831 岐阜県恵那市串原2-11-8,77,A
竹原 陽花(タケハラ ハルカ),〒889-1906 宮崎県北諸県郡三股町中原3-18-2,82,O
竹原 万桜子(タケハラ マオコ),〒959-4413 新潟県東蒲原郡阿賀町倉ノ平2-14-13,30,AB
武藤 信雄(タケフジ ノブオ),〒764-0004 香川県仲多度郡多度津町仲ノ町2-16-2,35,A
竹本 芽生(タケモト メイ),〒887-0023 宮崎県日南市隈谷2-16,72,O
田崎 健次(タザキ ケンジ),〒425-0004 静岡県焼津市坂本4-6-20,35,O
田崎 菜々美(タザキ ナナミ),〒869-0522 熊本県宇城市松橋町内田2-11松橋町内田シーサイド300,64,O
田沢 良平(タザワ リョウヘイ),〒717-0017 岡山県真庭市真賀2-8-14,61,B
田尻 葵(タジリ アオイ),〒089-0554 北海道中川郡幕別町札内みずほ町3-14-12コート札内みずほ町416,30,A
田尻 京香(タジリ キョウカ),〒955-0122 新潟県三条市大谷地4-3-4,27,O
立川 敏男(タチカワ トシオ),〒039-2732 青森県上北郡七戸町卒古沢1-19-12卒古沢庵108,84,O
立川 弥生(タチカワ ヤヨイ),〒680-1213 鳥取県鳥取市河原町高福1-9,34,A
橘 敏正(タチバナ トシマサ),〒385-0046 長野県佐久市前山2-1,63,O
橘 裕仁(タチバナ ヒロヒト),〒526-0244 滋賀県長浜市内保町1-2-2内保町ステーション306,83,B
立花 唯花(タチバナ ユイカ),〒780-0842 高知県高知市追手筋4-20-7追手筋ステーション404,89,O
田中 香里(タナカ カオリ),〒573-0156 大阪府枚方市藤阪南町4-16-19藤阪南町ハイツ414,38,A
田中 優華(タナカ ユウカ),〒759-4711 山口県長門市油谷後畑4-4-4,36,O
谷 誠子(タニ マサコ),〒257-0026 神奈川県秦野市下落合3-7-20ハウス下落合417,89,O
谷内 咲良(タニウチ サラ),〒848-0007 佐賀県伊万里市南波多町井手野3-20-4南波多町井手野メゾン102,59,A
谷内 由良(タニウチ ユラ),〒697-0054 島根県浜田市高田町3-19-14グリーン高田町206,67,A
谷川 和弥(タニガワ カズヤ),〒604-8152 京都府京都市中京区手洗水町4-9-20ヴィレッジ手洗水町116,70,B
谷口 智也(タニグチ トモヤ),〒238-0315 神奈川県横須賀市林2-13-13林の杜409,25,B
谷口 一二三(タニグチ ヒフミ),〒830-0048 福岡県久留米市梅満町2-2-2,59,A
谷口 麻央(タニグチ マオ),〒520-3015 滋賀県栗東市安養寺3-7-8,38,AB
谷口 裕紀(タニグチ ユキ),〒856-0004 長崎県大村市立福寺町1-7-19立福寺町ヒル413,25,A
谷村 明憲(タニムラ アキノリ),〒960-0801 福島県伊達市霊山町掛田3-2-19霊山町掛田ハウス105,32,B
谷村 義雄(タニムラ ヨシオ),〒400-0058 山梨県甲府市宮原町4-12-10,84,A
谷本 環(タニモト タマキ),〒891-0104 鹿児島県鹿児島市山田町2-11-17,56,B
田畑 亜衣(タバタ アイ),〒192-0032 東京都八王子市石川町2-8,39,AB
田渕 詠一(タブチ エイイチ),〒259-0152 神奈川県足柄上郡中井町藤沢1-3藤沢プラチナ202,68,B
田淵 春男(タブチ ハルオ),〒302-0025 茨城県取手市西2-14リバーサイド西409,77,O
玉井 二郎(タマイ ジロウ),〒872-0033 大分県宇佐市住吉町1-10住吉町シーサイド119,75,B
玉井 良男(タマイ ヨシオ),〒386-1437 長野県上田市野倉3-15-19,70,B
玉城 亜美(タマキ アミ),〒882-0853 宮崎県延岡市方財町4-4-16,41,B
玉田 美緒(タマダ ミオ),〒939-0315 富山県射水市椎土2-18,54,B
田原 結(タワラ ユイ),〒901-0404 沖縄県島尻郡八重瀬町高良4-12-7ダイヤモンド高良118,82,B
丹野 智之(タンノ トモユキ),〒396-0007 長野県伊那市若宮4-11-13若宮シーサイド413,80,AB
丹野 裕之(タンノ ヒロユキ),〒511-0215 三重県いなべ市員弁町東一色2-11-15,44,O
大和 良彦(ダイワ ヨシヒコ),〒311-4317 茨城県東茨城郡城里町勝見沢2-11勝見沢スカイ212,64,O
千葉 政雄(チバ マサオ),〒856-0826 長崎県大村市東三城町1-17-5グリーン東三城町105,38,A
陳 早百合(チン サユリ),〒010-0876 秋田県秋田市千秋公園1-1グランド千秋公園106,86,O
塚本 心春(ツカモト ココハ),〒797-1506 愛媛県大洲市肱川町中津3-5肱川町中津荘216,20,AB
辻 清三(ツジ セイゾウ),〒761-3110 香川県香川郡直島町直島町一円2-14,60,O
辻本 清三郎(ツジモト セイザブロウ),〒781-1616 高知県吾川郡仁淀川町百川内3-19-10百川内キャッスル210,47,B
都築 詩織(ツズキ シオリ),〒670-0903 兵庫県姫路市立町2-7-4パレス立町401,54,A
都築 茂行(ツズキ シゲユキ),〒606-0091 京都府京都市左京区上高野大塚町2-9-16,44,B
都築 友美(ツズキ ユミ),〒363-0027 埼玉県桶川市川田谷1-6,30,B
土田 幸(ツチダ サチ),〒350-0313 埼玉県比企郡鳩山町松ケ丘4-5-12松ケ丘キャッスル106,70,A
土田 康代(ツチダ ヤスヨ),〒885-0016 宮崎県都城市早水町2-11-13早水町荘111,59,B
土橋 天太(ツチハシ ソラタ),〒328-0045 栃木県栃木市湊町4-17-2,23,O
土屋 喜久雄(ツチヤ キクオ),〒939-0254 富山県射水市島2-5キャッスル島201,43,O
土谷 信治(ツチヤ シンジ),〒401-0320 山梨県南都留郡鳴沢村鳴沢村一円4-14-14ドリーム鳴沢村一円116,85,A
土屋 好子(ツチヤ ヨシコ),〒510-8122 三重県三重郡川越町豊田3-7,57,O
筒井 清(ツツイ キヨシ),〒901-0201 沖縄県豊見城市真玉橋2-13-10,47,O
堤 優華(ツツミ ユウカ),〒649-0437 和歌山県有田市宮原町滝2-11-4宮原町滝メゾン412,26,O
坪井 夏実(ツボイ ナツミ),〒449-0402 愛知県北設楽郡豊根村古真立3-11-20古真立ハイツ208,86,A
坪田 綾乃(ツボタ アヤノ),〒958-0849 新潟県村上市寺町3-19-16,47,A
坪田 啓司(ツボタ ケイジ),〒162-0855 東京都新宿区二十騎町4-20-8,58,A
坪田 寅吉(ツボタ トラキチ),〒769-1404 香川県三豊市仁尾町仁尾乙1-14-7プラザ仁尾町仁尾乙309,83,B
坪田 美枝子(ツボタ ミエコ),〒570-0072 大阪府守口市早苗町2-4-9早苗町ステージ101,65,O
津村 愛香(ツムラ アイカ),〒735-0024 広島県安芸郡府中町緑ケ丘2-19-6,56,B
露木 義行(ツユキ ヨシユキ),〒863-0004 熊本県天草市本渡町本泉3-17-8ガーデン本渡町本泉112,75,B
鶴岡 富夫(ツルオカ トミオ),〒529-0537 滋賀県長浜市余呉町新堂1-18-18余呉町新堂テラス214,78,O
鶴田 正太郎(ツルタ ショウタロウ),〒321-3306 栃木県芳賀郡芳賀町八ツ木4-10,64,A
鶴田 信之(ツルタ ノブユキ),〒768-0052 香川県観音寺市粟井町3-18-20粟井町庵202,45,A
鶴田 莉央(ツルタ リオ),〒889-2534 宮崎県日南市時任町1-12-1時任町フォレスト117,43,O
手島 知美(テジマ トモミ),〒807-1262 福岡県北九州市八幡西区野面1-6-11,89,B
手塚 敏彦(テヅカ トシヒコ),〒760-0066 香川県高松市福岡町4-6プレシャス福岡町209,66,A
手塚 深雪(テヅカ ミユキ),〒649-1313 和歌山県日高郡日高川町伊藤川2-12-18,44,A
寺内 昭男(テラウチ アキオ),〒519-2704 三重県度会郡大紀町阿曽2-5-15阿曽スカイ400,42,A
寺内 和男(テラウチ カズオ),〒920-3131 石川県金沢市百坂町4-5-14百坂町マンション315,64,AB
寺尾 和也(テラオ カズヤ),〒782-0013 高知県香美市土佐山田町町田3-8土佐山田町町田プレイス201,76,B
寺尾 満喜子(テラオ マキコ),〒799-0125 愛媛県四国中央市柴生町1-6-4柴生町スカイ419,72,O
寺岡 元夫(テラオカ モトオ),〒942-0205 新潟県上越市頸城区中増田1-5-10頸城区中増田ランド407,38,B
寺沢 香織(テラサワ カオリ),〒893-0004 鹿児島県鹿屋市朝日町4-6-10朝日町ハイツ205,73,A
寺沢 若菜(テラサワ ワカナ),〒557-0055 大阪府大阪市西成区千本南4-11-4千本南コート315,33,A
寺島 佳佑(テラシマ ケイスケ),〒018-3113 秋田県能代市二ツ井町仁鮒3-1-9,72,A
寺島 三男(テラシマ ミツオ),〒527-0081 滋賀県東近江市布施町2-7ガーデン布施町410,46,O
寺田 栄二(テラダ エイジ),〒028-4307 岩手県岩手郡岩手町五日市3-8,52,O
寺西 悠花(テラニシ ユウカ),〒789-1934 高知県幡多郡黒潮町出口1-2-12,53,O
寺本 輝男(テラモト テルオ),〒348-0037 埼玉県羽生市小松2-1小松庵102,48,A
寺本 敏昭(テラモト トシアキ),〒545-0034 大阪府大阪市阿倍野区阿倍野元町4-9,77,A
寺本 宏翔(テラモト ヒロト),〒957-0224 新潟県新発田市小川3-14-4,31,A
出口 正子(デクチ マサコ),〒710-0142 岡山県倉敷市林3-12,80,O
出口 琉那(デクチ ルナ),〒106-0045 東京都港区麻布十番4-13-13麻布十番ゴールデン302,87,O
遠山 愛菜(トオヤマ アイナ),〒405-0062 山梨県笛吹市一宮町金沢4-13,23,B
富樫 絢香(トガシ アヤカ),〒418-0075 静岡県富士宮市田中町3-19-16田中町荘210,41,B
徳永 愛菜(トクナガ アイナ),〒400-0505 山梨県南巨摩郡富士川町長澤1-2-1ロイヤル長澤319,64,A
徳永 茂(トクナガ シゲル),〒910-0215 福井県坂井市丸岡町与河2-13-14スイート丸岡町与河107,88,O
徳永 純(トクナガ ジュン),〒300-0004 茨城県土浦市小山崎1-15-3,48,A
戸田 咲来(トダ サクラ),〒920-1165 石川県金沢市若松町1-10-20若松町マンション319,66,B
戸塚 尚三(トツカ ショウゾウ),〒890-0063 鹿児島県鹿児島市鴨池3-11タワー鴨池303,65,AB
戸塚 富士夫(トツカ フジオ),〒939-0562 富山県富山市水橋田伏1-18-20フォレスト水橋田伏315,33,B
富岡 崇(トミオカ タカシ),〒409-3103 山梨県南巨摩郡身延町根子4-16-20根子ハイツ312,49,AB
富岡 里穂(トミオカ リホ),〒369-0318 埼玉県児玉郡上里町藤木戸2-16-13,86,O
冨田 勝治(トミタ カツジ),〒640-8139 和歌山県和歌山市片岡町2-13-16,41,O
富田 詩音(トミダ シオン),〒930-3216 富山県中新川郡立山町福田1-12福田シーサイド315,81,AB
富田 新平(トミダ シンペイ),〒015-0023 秋田県由利本荘市赤田1-4-3赤田ステージ308,66,O
冨永 勇(トミナガ イサミ),〒651-2222 兵庫県神戸市西区押部谷町木津3-12,31,B
富永 桜花(トミナガ オウカ),〒718-0211 岡山県新見市菅生2-6,57,AB
冨永 順子(トミナガ ジュンコ),〒753-0074 山口県山口市中央1-2-16,23,B
富山 尚美(トミヤマ ナオミ),〒640-1366 和歌山県海草郡紀美野町松ケ峰1-16,89,A
富山 美音(トミヤマ ミオ),〒506-1426 岐阜県高山市奥飛騨温泉郷蓼之俣2-20,86,O
豊田 正吉(トヨダ ショウキチ),〒323-0808 栃木県小山市出井4-3-19出井庵205,82,A
鳥居 茂志(トリイ シゲシ),〒196-0012 東京都昭島市つつじが丘4-8-20,30,A
土肥 遥奈(ドイ ハルナ),〒997-0003 山形県鶴岡市文下3-15-16文下荘304,32,O
土井 結愛(ドイ ユア),〒840-0512 佐賀県佐賀市富士町上熊川3-19,48,A
土橋 徳太郎(ドバシ トクタロウ),〒859-0105 長崎県諫早市高来町船津2-4-17,36,B
中 文音(ナカ アヤネ),〒737-0133 広島県呉市広末広2-17-14,44,O
中井 厚吉(ナカイ コウキチ),〒071-1560 北海道上川郡東神楽町基線4-13-17タワー基線110,43,AB
中井 寿子(ナカイ トシコ),〒405-0062 山梨県笛吹市一宮町金沢2-17-15,68,B
中尾 和利(ナカオ カズトシ),〒509-3311 岐阜県高山市朝日町一之宿2-5-13,59,A
中岡 修(ナカオカ オサム),〒997-0342 山形県鶴岡市三千刈2-9-2,51,A
中岡 博(ナカオカ ヒロシ),〒039-3173 青森県上北郡野辺地町陣場川原4-10-1,47,A
中川 洋一(ナカガワ ヨウイチ),〒981-2133 宮城県伊具郡丸森町四重麦二2-10-1,34,AB
中里 郁子(ナカザト イクコ),〒039-0505 青森県三戸郡南部町鳥谷4-3-5,29,A
中里 麻央(ナカザト マオ),〒023-1112 岩手県奥州市江刺南大通り4-9-11江刺南大通りの杜303,46,A
中澤 富美子(ナカザワ トミコ),〒916-0227 福井県丹生郡越前町四ツ杉2-18,50,O
中沢 友和(ナカザワ トモカズ),〒786-0051 高知県高岡郡四万十町平野2-4平野パレス109,41,O
中澤 玲央(ナカザワ レオ),〒919-0745 福井県あわら市次郎丸1-19次郎丸ヴィレッジ217,23,A
中嶋 翔(ナカジマ ショウ),〒023-0856 岩手県奥州市水沢西上野町4-17-19水沢西上野町フォレスト412,63,B
中谷 俊史(ナカタニ トシフミ),〒601-8421 京都府京都市南区西九条藤ノ木町1-10-12コート西九条藤ノ木町105,68,B
中田 響子(ナカダ キョウコ),〒876-0125 大分県佐伯市弥生江良4-10-2,67,B
仲田 沙樹(ナカダ サキ),〒950-3111 新潟県新潟市北区太夫浜新町4-4-5太夫浜新町ロイヤルパレス203,50,O
仲田 智恵(ナカダ チエ),〒876-0014 大分県佐伯市白方2-2,88,AB
仲田 由衣(ナカダ ユイ),〒651-2405 兵庫県神戸市西区岩岡町野中3-19-3,57,A
中田 義哉(ナカダ ヨシヤ),〒511-0522 三重県いなべ市藤原町篠立2-19-9藤原町篠立ゴールデン107,88,A
中塚 三郎(ナカツカ サブロウ),〒731-3821 広島県山県郡安芸太田町土居4-7-12,63,O
中塚 省三(ナカツカ ショウゾウ),〒321-0127 栃木県宇都宮市羽牛田町4-14ハウス羽牛田町202,65,O
中根 宏(ナカネ ヒロシ),〒696-0317 島根県邑智郡邑南町淀原1-3淀原タワー407,45,O
中野 梢(ナカノ コズエ),〒010-0456 秋田県南秋田郡大潟村東野4-18-17,35,AB
中野 真実(ナカノ マミ),〒895-1811 鹿児島県薩摩郡さつま町虎居2-5-14,51,O
仲野 琉聖(ナカノ リュウセイ),〒793-0010 愛媛県西条市飯岡1-2-3プラザ飯岡118,21,B
中林 敦(ナカバヤシ アツシ),〒811-2503 福岡県糟屋郡久山町猪野4-2-3猪野荘104,76,A
中林 信太郎(ナカバヤシ シンタロウ),〒677-0102 兵庫県多可郡多可町八千代区坂本4-4-4,88,O
中林 珠美(ナカバヤシ タマミ),〒299-0121 千葉県市原市立野2-18コート立野302,27,A
中林 仁継(ナカバヤシ マサツグ),〒739-1734 広島県広島市安佐北区口田4-7-10,84,B
中村 龍也(ナカムラ タツヤ),〒927-0205 石川県鳳珠郡穴水町宇加川1-7,54,O
中村 守男(ナカムラ モリオ),〒369-0305 埼玉県児玉郡上里町神保原町4-13,67,B
中本 知花(ナカモト チハナ),〒956-0116 新潟県新潟市秋葉区舟戸3-17舟戸プラザ202,24,A
中森 潔(ナカモリ キヨシ),〒689-1304 鳥取県鳥取市佐治町大井1-12-10,66,O
中山 忠治(ナカヤマ タダハル),〒682-0043 鳥取県倉吉市天神町2-7-5,84,B
中山 戸敷(ナカヤマ トシキ),〒424-0944 静岡県静岡市清水区築地町1-19-13,20,A
長井 千恵子(ナガイ チエコ),〒140-0013 東京都品川区南大井4-11-9南大井グランド105,49,A
永井 里桜(ナガイ リオ),〒039-3164 青森県上北郡野辺地町前田1-17-11前田メゾン414,34,A
長岡 小百合(ナガオカ サユリ),〒739-1301 広島県広島市安佐北区白木町井原3-11-14,45,O
長坂 三平(ナガサカ サンペイ),〒648-0072 和歌山県橋本市東家3-10-20,72,A
長坂 真結(ナガサカ マユ),〒504-0004 岐阜県各務原市尾崎西町1-3尾崎西町マンション114,69,A
長坂 由美子(ナガサカ ユミコ),〒376-0111 群馬県みどり市大間々町小平3-16,40,O
長沢 綾(ナガサワ アヤ),〒651-1331 兵庫県神戸市北区有野町唐櫃2-18-6,73,A
長島 千晴(ナガシマ チハル),〒506-2257 岐阜県高山市丹生川町曽手2-11-3丹生川町曽手スイート110,31,B
永島 暢興(ナガシマ ノブオキ),〒932-0231 富山県南砺市山見3-4,62,O
長島 実優(ナガシマ ミユ),〒527-0166 滋賀県東近江市愛東外町2-20-3,58,O
長瀬 愛華(ナガセ アイカ),〒999-6837 山形県酒田市金谷4-11,78,B
永瀬 真樹(ナガセ マキ),〒668-0861 兵庫県豊岡市大篠岡1-12-5大篠岡メゾン217,81,B
長瀬 優美(ナガセ ユミ),〒791-3202 愛媛県伊予市中山町栗田4-19中山町栗田レジデンス211,59,O
長田 岩男(ナガタ イワオ),〒492-8072 愛知県稲沢市下津北信正寺町4-7-10プレシャス下津北信正寺町403,54,A
長田 恭三郎(ナガタ キョウザブロウ),〒880-0806 宮崎県宮崎市広島2-5-15広島ドリーム405,73,A
長友 元弥(ナガトモ ゲンヤ),〒407-0036 山梨県韮崎市大草町上條東割4-14-2テラス大草町上條東割312,20,B
長友 武雄(ナガトモ タケオ),〒655-0006 兵庫県神戸市垂水区本多聞3-2,68,O
長友 久男(ナガトモ ヒサオ),〒853-3321 長崎県南松浦郡新上五島町鯛ノ浦郷4-2-7,74,AB
長沼 富夫(ナガヌマ トミオ),〒682-0403 鳥取県倉吉市関金町松河原1-11-10関金町松河原コンフォート407,32,A
長野 美央(ナガノ ミオ),〒392-0010 長野県諏訪市渋崎2-10-17,48,A
長野 義哉(ナガノ ヨシヤ),〒729-3301 広島県世羅郡世羅町小谷1-13-16小谷グランド100,83,A
永野 理央(ナガノ リオ),〒922-0814 石川県加賀市大聖寺菅生町3-19-5大聖寺菅生町スカイ405,86,A
長野 莉子(ナガノ リコ),〒811-5123 長崎県壱岐市郷ノ浦町釘山触3-4-12,40,A
長浜 沙紀(ナガハマ サキ),〒381-4303 長野県長野市鬼無里日下野3-4,77,B
長谷 洋子(ナガヤ ヨウコ),〒889-3202 宮崎県日南市南郷町中村甲3-1-2,81,B
永山 咲奈(ナガヤマ サナ),〒531-0075 大阪府大阪市北区大淀南2-16-19,46,O
永山 達郎(ナガヤマ タツロウ),〒480-1156 愛知県長久手市五合池4-16-15コーポ五合池108,80,O
那須 果音(ナス カノン),〒321-1434 栃木県日光市本町3-12レジデンス本町104,72,B
那須 遥華(ナス ハルカ),〒860-0086 熊本県熊本市北区打越町3-14-7プレシャス打越町307,83,A
名取 辰男(ナトリ タツオ),〒437-0037 静岡県袋井市清水町2-8-20,77,B
並木 美音(ナミキ ミオ),〒786-0093 高知県高岡郡四万十町東北ノ川4-6,63,O
奈良 敏行(ナラ トシユキ),〒352-0014 埼玉県新座市栄1-11-14,42,O
成田 弘子(ナリタ ヒロコ),〒889-1901 宮崎県北諸県郡三股町樺山2-14,38,O
成瀬 克彦(ナルセ カツヒコ),〒513-0035 三重県鈴鹿市矢橋町2-15-6,57,O
成瀬 宙子(ナルセ ヒロコ),〒505-0029 岐阜県美濃加茂市あじさいヶ丘4-7-18,75,B
難波 柚(ナンバ ユズ),〒500-8363 岐阜県岐阜市爪3-9-9爪マンション210,37,AB
南部 桜子(ナンブ サクラコ),〒838-1514 福岡県朝倉市杷木久喜宮4-5-19キャッスル杷木久喜宮313,86,B
新倉 晴花(ニイクラ ハルカ),〒861-4171 熊本県熊本市南区御幸西3-12-6御幸西グランド202,42,A
西岡 静夫(ニシオカ シズオ),〒409-0135 山梨県上野原市芦垣3-1-20芦垣シーサイド102,28,A
西川 早紀(ニシカワ サキ),〒882-0843 宮崎県延岡市永池町3-13-11永池町フォレスト303,21,A
西川 遥斗(ニシカワ ハルト),〒515-1502 三重県松阪市飯高町宮前2-18-20,66,O
西川 守友(ニシカワ モリトモ),〒673-0758 兵庫県三木市口吉川町久次1-20-3,36,A
西口 忠雄(ニシグチ タダオ),〒869-3175 熊本県宇土市赤瀬町2-17赤瀬町メゾン406,74,A
西沢 芹佳(ニシザワ セリカ),〒520-3433 滋賀県甲賀市甲賀町大原市場3-7-1,21,B
西島 源太(ニシジマ ゲンタ),〒762-0006 香川県坂出市旭町3-3-11旭町ハウス316,24,O
西島 小梅(ニシジマ コウメ),〒678-0091 兵庫県相生市矢野町森1-14-7矢野町森シーサイド403,39,A
西野 敏雄(ニシノ トシオ),〒038-0059 青森県青森市油川1-16-7,33,A
西原 重男(ニシハラ シゲオ),〒162-0855 東京都新宿区二十騎町2-9-11二十騎町ヒル300,39,B
西原 桃歌(ニシハラ モモカ),〒351-0112 埼玉県和光市丸山台2-17-17,39,A
西本 厚(ニシモト アツシ),〒409-3702 山梨県笛吹市芦川町新井原4-20,80,A
西本 勝久(ニシモト カツヒサ),〒987-0432 宮城県登米市南方町畑岡1-2パーク南方町畑岡207,53,A
西山 真実(ニシヤマ マミ),〒959-1758 新潟県五泉市城下3-17-1城下マンション204,73,A
西脇 律子(ニシワキ リツコ),〒630-8146 奈良県奈良市八条町4-2-17,85,A
新田 亜美(ニッタ アミ),〒969-6165 福島県大沼郡会津美里町山道下4-19-3,47,B
新田 菜央(ニッタ ナオ),〒020-0872 岩手県盛岡市八幡町1-2-1,30,O
二宮 信彦(ニノミヤ ノブヒコ),〒230-0026 神奈川県横浜市鶴見区市場富士見町4-3-18,45,A
二宮 正弘(ニノミヤ マサヒロ),〒786-0031 高知県高岡郡四万十町床鍋1-18-12,85,O
二瓶 公大(ニヘイ コウダイ),〒395-0054 長野県飯田市箕瀬町1-20-3,28,A
沼田 優(ヌマタ マサル),〒667-1343 兵庫県美方郡香美町村岡区中大谷4-10-2ザ村岡区中大谷400,37,A
野上 宗男(ノガミ ムネオ),〒880-0823 宮崎県宮崎市北権現町4-20-16,54,A
野口 幸三郎(ノグチ コウザブロウ),〒015-0023 秋田県由利本荘市赤田1-5-12赤田タワー209,20,A
野崎 貞(ノザキ サダ),〒989-4566 宮城県栗原市瀬峰上屋敷3-6-15瀬峰上屋敷キャッスル212,31,A
野島 日菜乃(ノジマ ヒナノ),〒680-0735 鳥取県八頭郡若桜町落折3-2-19,60,A
野島 雅子(ノジマ マサコ),〒028-3162 岩手県花巻市石鳥谷町西中島4-17-13スイート石鳥谷町西中島116,85,B
野島 理優貴(ノジマ リユキ),〒379-0205 群馬県富岡市妙義町北山3-18コーポ妙義町北山306,20,A
野田 千恵子(ノダ チエコ),〒877-0033 大分県日田市大部町2-15,52,A
野中 明菜(ノナカ アキナ),〒252-0208 神奈川県相模原市中央区矢部新田3-13-17パーク矢部新田317,60,A
野間 栄吉(ノマ エイキチ),〒319-0201 茨城県笠間市上郷1-18-18上郷ランド207,45,A
野間 清志(ノマ キヨシ),〒929-2208 石川県七尾市中島町古江1-17,49,O
野間 遥(ノマ ハルカ),〒989-6711 宮城県大崎市鳴子温泉新田3-15-20,35,A
野村 雅典(ノムラ マサノリ),〒683-0822 鳥取県米子市中町3-2-18,24,O
野本 貴士(ノモト タカシ),〒400-0802 山梨県甲府市横根町4-19-18,57,O
野本 智恵子(ノモト チエコ),〒786-0303 高知県高岡郡四万十町希ノ川4-14-8,52,B
芳賀 浩志(ハガ コウジ),〒771-1627 徳島県阿波市市場町大野島4-8-13,51,B
萩原 雅人(ハギワラ マサト),〒879-0312 大分県宇佐市荒木4-13-1プレイス荒木103,49,AB
橋口 遥奈(ハシグチ ハルナ),〒891-2111 鹿児島県垂水市新御堂4-6新御堂フォレスト406,59,O
橋口 優菜(ハシグチ ユウナ),〒518-0616 三重県名張市美旗町南西原4-16-12,63,A
橋爪 年子(ハシヅメ トシコ),〒868-0451 熊本県球磨郡あさぎり町須恵1-8-11,26,B
長谷部 新一郎(ハセベ シンイチロウ),〒511-0851 三重県桑名市西別所1-15,56,B
長谷部 美冬(ハセベ ミフユ),〒691-0073 島根県出雲市美野町1-19,72,A
羽田 幸一郎(ハタ コウイチロウ),〒097-0005 北海道稚内市大黒3-17,62,A
畑 雛子(ハタケ ヒナコ),〒639-2274 奈良県御所市冨田3-16-3ハウス冨田301,48,A
畑 有里(ハタケ ユリ),〒808-0045 福岡県北九州市若松区山ノ堂町4-8山ノ堂町の杜309,48,A
畠山 幸次郎(ハタケヤマ コウジロウ),〒692-0067 島根県安来市田頼町4-5-18,27,A
畑中 樹里(ハタナカ ジュリ),〒324-0002 栃木県大田原市羽田2-14パーク羽田205,30,B
畑中 朋子(ハタナカ トモコ),〒780-8035 高知県高知市河ノ瀬町4-15-5,89,A
畠中 直治(ハタナカ ナオジ),〒851-3421 長崎県西海市西彼町伊ノ浦郷3-4-11,34,A
畑中 理緒(ハタナカ リオ),〒989-6405 宮城県大崎市岩出山池月2-12-12,35,O
波多野 武英(ハタノ タケヒデ),〒699-0109 島根県松江市東出雲町錦浜2-18-20東出雲町錦浜プレイス401,27,O
波多野 恭之(ハタノ ヤスユキ),〒321-0977 栃木県宇都宮市川俣町1-9-4川俣町パレス202,50,B
服部 伊都子(ハットリ イツコ),〒879-4203 大分県日田市天瀬町湯山2-10,60,A
羽鳥 美樹子(ハトリ ミキコ),〒646-0035 和歌山県田辺市中屋敷町2-3,51,O
浜口 舞桜(ハマグチ マオ),〒420-0034 静岡県静岡市葵区常磐町1-12,67,B
浜崎 愛理(ハマザキ アイリ),〒602-8245 京都府京都市上京区猪熊3-13-2,24,A
浜崎 由衣(ハマザキ ユイ),〒321-3426 栃木県芳賀郡市貝町赤羽4-6-1,48,B
浜田 伸(ハマダ シン),〒747-0034 山口県防府市天神2-3-19,83,O
浜田 遼太郎(ハマダ リョウタロウ),〒969-3121 福島県耶麻郡猪苗代町横マクリ4-2-8,21,A
浜野 椛(ハマノ モミジ),〒936-0873 富山県滑川市横道1-7-18,40,B
浜本 瑞貴(ハマモト ミズキ),〒510-0813 三重県四日市市末永2-19,30,O
早川 美波(ハヤカワ ミナミ),〒987-0422 宮城県登米市南方町山崎3-5南方町山崎テラス116,83,O
早坂 講一(ハヤサカ コウイチ),〒522-0084 滋賀県彦根市橋向町4-2-18,72,O
早坂 理香(ハヤサカ リカ),〒100-0102 東京都大島町岡田2-15-10,45,A
林 孝雄(ハヤシ タカオ),〒802-0825 福岡県北九州市小倉南区横代葉山2-20-7横代葉山プレシャス317,34,B
林 安男(ハヤシ ヤスオ),〒853-2314 長崎県南松浦郡新上五島町漁生浦郷1-5-16漁生浦郷庵104,74,A
原田 真紗子(ハラダ マサコ),〒736-0033 広島県安芸郡海田町南本町3-12プレイス南本町207,24,O
馬場 健史(ババ タケシ),〒490-1132 愛知県海部郡大治町北間島3-3-11,61,O
坂 智之(バン トモユキ),〒957-0204 新潟県新発田市稲荷岡1-1-18稲荷岡ランド107,82,O
坂東 謙治(バンドウ ケンジ),〒890-0085 鹿児島県鹿児島市南新町4-20-4,84,O
東山 功一(ヒガシヤマ コウイチ),〒697-0421 島根県浜田市旭町山ノ内4-16-18,87,O
東山 康治(ヒガシヤマ コウジ),〒431-3303 静岡県浜松市天竜区山東4-15-6山東ゴールデン414,43,O
樋口 茉奈(ヒグチ マナ),〒771-1330 徳島県板野郡上板町西分3-16-5,52,B
樋口 蘭(ヒグチ ラン),〒080-0161 北海道河東郡音更町ひびき野東町1-6-11タワーひびき野東町203,50,A
久野 彩香(ヒサノ アヤカ),〒491-0938 愛知県一宮市日光町2-1,38,O
久野 詩音(ヒサノ シオン),〒709-0636 岡山県岡山市東区谷尻4-3-3,60,B
日高 広(ヒダカ ヒロシ),〒750-0321 山口県下関市菊川町上岡枝3-18-2,77,AB
日野 金治(ヒノ キンジ),〒301-0826 茨城県龍ケ崎市栄町3-8-1,20,O
日野 春佳(ヒノ ハルカ),〒769-2903 香川県東かがわ市南野1-18,78,A
日比野 萌恵(ヒビノ モエ),〒029-4208 岩手県奥州市前沢二十人町3-8-11,66,A
平井 金一(ヒライ キンイチ),〒034-0071 青森県十和田市赤沼3-12-16グランド赤沼101,62,A
平岡 謙二(ヒラオカ ケンジ),〒905-2172 沖縄県名護市豊原4-2,77,A
平岡 奈保美(ヒラオカ ナホミ),〒531-0062 大阪府大阪市北区長柄中1-15-1長柄中荘310,88,B
平岡 茉莉(ヒラオカ マリ),〒399-2562 長野県飯田市長野原2-5-15長野原グリーン406,45,A
平川 岩男(ヒラカワ イワオ),〒441-0311 愛知県豊川市御津町御馬西梅1-14-14御津町御馬西梅ハイツ301,83,A
平川 竜(ヒラカワ リュウ),〒842-0006 佐賀県神埼市神埼町枝ケ里3-1-16レジデンス神埼町枝ケ里305,51,AB
平賀 幸四郎(ヒラガ コウシロウ),〒537-0003 大阪府大阪市東成区神路1-14-4,75,A
平賀 遼(ヒラガ ハルカ),〒721-0955 広島県福山市新涯町1-3-7,76,O
平沢 太郎(ヒラサワ タロウ),〒649-1122 和歌山県日高郡由良町神谷3-11-9,76,A
平沢 敏正(ヒラサワ トシマサ),〒861-3841 熊本県上益城郡山都町仮屋4-13-19仮屋スカイ309,31,A
平塚 羽菜(ヒラツカ ハナ),〒639-3107 奈良県吉野郡吉野町佐々羅3-15,84,O
平野 洋一(ヒラノ ヨウイチ),〒380-0943 長野県長野市安茂里差出3-16,82,B
平原 彩華(ヒラハラ アヤカ),〒382-0026 長野県須坂市坂田町4-2-1タウン坂田町402,43,A
平原 英司(ヒラハラ エイジ),〒519-2172 三重県多気郡多気町四神田4-17タワー四神田305,67,B
平原 克洋(ヒラハラ カツヒロ),〒029-4483 岩手県奥州市衣川沼野4-3衣川沼野ヒル114,56,B
平原 武(ヒラハラ タケシ),〒286-0006 千葉県成田市北須賀2-18,31,A
平林 実結(ヒラバヤシ ミユ),〒839-0826 福岡県久留米市山本町耳納1-19-16,43,O
平松 美羽(ヒラマツ ミウ),〒518-0444 三重県名張市箕曲中村4-11-10パーク箕曲中村319,36,O
平本 与四郎(ヒラモト ヨシロウ),〒744-0018 山口県下松市西柳2-15-6,88,A
平山 薫理(ヒラヤマ カオリ),〒059-0914 北海道白老郡白老町栄町2-14-3栄町ヒル103,59,A
平山 日出夫(ヒラヤマ ヒデオ),〒324-0213 栃木県大田原市雲岩寺2-12-5スイート雲岩寺106,20,A
平良 晃子(ヒラヨシ アキコ),〒874-0843 大分県別府市明礬4-17-20明礬ゴールデン111,75,A
平良 冨士子(ヒラヨシ フジコ),〒321-1105 栃木県日光市文挾町1-13文挾町パレス114,65,A
平良 真人(ヒラヨシ マサト),〒390-0313 長野県松本市岡田下岡田3-12-3,44,O
蛭田 美和(ヒルタ ミワ),〒082-0021 北海道河西郡芽室町東十一条2-18東十一条ヴィレッジ117,42,O
広川 扶三代(ヒロカワ フミヨ),〒939-2184 富山県富山市楡原4-12-3,69,O
広川 好男(ヒロカワ ヨシオ),〒987-2311 宮城県栗原市一迫御崎3-1一迫御崎コーポ203,39,A
広田 麻美(ヒロタ アサミ),〒093-0012 北海道網走市南二条西3-14-10,47,B
広田 勝三(ヒロタ カツゾウ),〒881-0103 宮崎県西都市加勢3-7加勢プラザ418,50,A
広田 正司(ヒロタ マサシ),〒746-0006 山口県周南市開成町3-12-5開成町グランド309,58,O
広田 由希子(ヒロタ ユキコ),〒851-2215 長崎県長崎市鳴見台3-1-12,53,B
深井 政子(フカイ マサコ),〒311-2422 茨城県潮来市大洲1-16-2ゴールデン大洲301,56,B
深沢 彩花(フカザワ アヤカ),〒438-0823 静岡県磐田市下本郷4-8-7,49,A
深沢 亜矢子(フカザワ アヤコ),〒005-0811 北海道札幌市南区川沿十一条4-13-11,40,O
深沢 果音(フカザワ カノン),〒904-2162 沖縄県沖縄市海邦町1-19,28,O
深沢 忠一(フカザワ チュウイチ),〒297-0016 千葉県茂原市木崎1-14,85,A
深沢 美緒(フカザワ ミオ),〒346-0026 埼玉県久喜市原4-10-16原ドリーム215,28,O
深沢 美南(フカザワ ミナミ),〒408-0312 山梨県北杜市白州町台ケ原4-19パレス白州町台ケ原311,63,A
深沢 涼子(フカザワ リョウコ),〒921-8841 石川県野々市市郷町4-12-2,76,O
福井 理央(フクイ リオ),〒101-0065 東京都千代田区西神田4-8-7西神田ロイヤルパレス411,88,B
福岡 智恵理(フクオカ チエリ),〒699-2301 島根県大田市仁摩町仁万4-4-2,24,B
福岡 千鶴(フクオカ チヅル),〒018-1615 秋田県南秋田郡八郎潟町蒲沼4-15,86,A
福岡 裕仁(フクオカ ヒロヒト),〒521-0224 滋賀県米原市夫馬2-4-7,88,O
福島 武秀(フクシマ タケヒデ),〒350-0244 埼玉県坂戸市森戸4-4森戸ランド107,84,A
福永 研一(フクナガ ケンイチ),〒689-3316 鳥取県西伯郡大山町豊房2-17ドリーム豊房210,73,O
福原 勝也(フクハラ カツヤ),〒629-1116 京都府船井郡京丹波町市場1-19-2,21,A
福元 匡弘(フクモト マサヒロ),〒710-0004 岡山県倉敷市西坂3-15西坂プレイス406,57,A
伏見 恵利(フシミ エリ),〒889-0322 宮崎県延岡市熊野江町1-11,85,B
伏見 夏帆(フシミ カホ),〒633-0225 奈良県宇陀市榛原大貝1-17-19,77,O
伏見 景子(フシミ ケイコ),〒954-0121 新潟県長岡市野口1-8-1,40,O
伏見 琴乃(フシミ コトノ),〒254-0061 神奈川県平塚市御殿4-2-17御殿グリーン106,40,A
伏見 信之(フシミ ノブユキ),〒690-0002 島根県松江市大正町3-10-18,55,B
藤井 弘恭(フジイ ヒロユキ),〒841-0083 佐賀県鳥栖市古賀町3-6-14,76,A
藤岡 甚一郎(フジオカ ジンイチロウ),〒405-0041 山梨県山梨市北2-20,21,A
藤木 徳三郎(フジキ トクサブロウ),〒820-0040 福岡県飯塚市吉原町2-5-17,78,B
藤木 治之(フジキ ハルユキ),〒937-0015 富山県魚津市東山3-9,66,A
藤崎 志保(フジザキ シホ),〒939-0135 富山県高岡市福岡町本領3-16-14福岡町本領タワー114,57,A
藤崎 八重子(フジザキ ヤエコ),〒100-0006 東京都千代田区有楽町1-15-4タウン有楽町317,87,A
藤島 紳悟(フジシマ シンゴ),〒822-0013 福岡県直方市溝堀4-1,80,A
藤島 典大(フジシマ ノリヒロ),〒759-0122 山口県宇部市吉見2-14-7,50,A
藤島 芽依(フジシマ メイ),〒769-0318 香川県仲多度郡まんのう町山脇2-13-19山脇アパート204,25,O
藤田 竜雄(フジタ タツオ),〒289-1606 千葉県山武郡芝山町山田2-4-15ステーション山田418,28,AB
藤田 直義(フジタ ナオヨシ),〒590-0831 大阪府堺市堺区出島西町1-16出島西町ランド416,76,B
藤田 真寛(フジタ マヒロ),〒985-0085 宮城県塩竈市庚塚1-18-3ザ庚塚103,21,A
藤野 永二(フジノ エイジ),〒863-1432 熊本県天草市二浦町亀浦1-20,29,O
藤野 雅空(フジノ ガク),〒516-1305 三重県度会郡南伊勢町阿曽浦2-8-4,34,A
藤巻 政弘(フジマキ マサヒロ),〒328-0103 栃木県栃木市都賀町原宿1-1-13都賀町原宿スイート116,38,A
藤村 恭一(フジムラ キョウイチ),〒518-0114 三重県伊賀市朝日ケ丘町2-8キャッスル朝日ケ丘町307,50,A
藤村 春子(フジムラ ハルコ),〒116-0014 東京都荒川区東日暮里2-16-15,63,A
藤村 義信(フジムラ ヨシノブ),〒025-0092 岩手県花巻市大通り2-18-14大通りの杜201,70,A
藤本 瑠奈(フジモト ルナ),〒843-0233 佐賀県武雄市東川登町永野1-5-18コーポ東川登町永野301,68,B
藤森 香凛(フジモリ カリン),〒873-0533 大分県国東市国東町見地3-3-15,77,A
藤森 治志(フジモリ ハルシ),〒020-0013 岩手県盛岡市愛宕町2-14,37,B
藤森 稟(フジモリ リン),〒690-2523 島根県雲南市三刀屋町中野1-19-15,74,B
藤原 定男(フジワラ サダオ),〒 4-9-4,78,B
藤原 理絵(フジワラ リエ),〒630-2343 奈良県山辺郡山添村春日2-19,83,A
布施 一弘(フセ カズヒロ),〒709-0223 岡山県備前市吉永町南方4-10-10,47,O
布施 汐里(フセ シオリ),〒717-0004 岡山県真庭市神庭2-20-14神庭荘306,58,AB
布施 卓也(フセ タクヤ),〒989-5335 宮城県栗原市栗駒渡丸3-17栗駒渡丸の杜318,64,B
舟木 紗希(フナキ サキ),〒858-0905 長崎県佐世保市下本山町4-16-2,58,O
舟木 久道(フナキ ヒサミチ),〒407-0057 山梨県韮崎市清哲町樋口1-14-16清哲町樋口プラザ313,56,B
船越 芽生(フナコシ メイ),〒086-1157 北海道標津郡中標津町西町1-10-2西町の杜206,28,A
船橋 哲二(フナバシ テツジ),〒241-0824 神奈川県横浜市旭区南希望が丘4-11-20,71,B
古市 彩奈(フルイチ アヤナ),〒963-5681 福島県東白川郡棚倉町上手沢2-1ロイヤル上手沢100,39,A
古市 賀寿(フルイチ ガジュ),〒861-4622 熊本県上益城郡甲佐町上早川2-5,24,O
古川 亮(フルカワ アキラ),〒633-0107 奈良県桜井市中谷2-9-9,47,AB
古河 千裕(フルカワ チヒロ),〒892-0807 鹿児島県鹿児島市皷川町1-1-14,33,A
古河 恭之(フルカワ ヤスユキ),〒056-0144 北海道日高郡新ひだか町静内田原2-14,84,O
古河 理穂(フルカワ リホ),〒401-0511 山梨県南都留郡忍野村忍草1-2,72,A
古沢 喜晴(フルサワ ヨシハル),〒510-0233 三重県鈴鹿市東江島町1-5東江島町フォレスト305,50,O
古田 亜紀(フルタ アキ),〒232-0023 神奈川県横浜市南区白妙町1-6,81,A
古田 憲司(フルタ ケンジ),〒604-0991 京都府京都市中京区行願寺門前町2-2-4,32,AB
古田 敏宏(フルタ トシヒロ),〒501-0625 岐阜県揖斐郡揖斐川町黒田2-13-6黒田プレイス403,39,A
古田 真帆(フルタ マホ),〒930-1262 富山県富山市東黒牧3-8-2メゾン東黒牧307,48,A
古橋 芳雄(フルハシ ヨシオ),〒923-0074 石川県小松市桂町4-3-13,50,A
古屋 芳雄(フルヤ ヨシオ),〒633-0003 奈良県桜井市朝倉台東4-5-5朝倉台東タウン208,37,A
古屋 凛(フルヤ リン),〒444-0532 愛知県西尾市吉良町瀬戸3-3-1,83,AB
古山 千紗(フルヤマ チサ),〒018-0844 秋田県由利本荘市高尾2-5,42,B
古山 夏実(フルヤマ ナツミ),〒811-0122 福岡県糟屋郡新宮町杜の宮3-11-15,41,A
保坂 聖羅(ホサカ セイラ),〒937-0867 富山県魚津市真成寺町1-13,22,AB
保坂 雅敏(ホサカ マサトシ),〒625-0034 京都府舞鶴市竜宮町2-4竜宮町メゾン408,83,B
星 喜代志(ホシ キヨシ),〒699-5217 島根県鹿足郡津和野町柳村4-18柳村アパート319,82,B
星野 伸夫(ホシノ ノブオ),〒520-1813 滋賀県高島市マキノ町高木浜4-4,77,AB
星野 晴菜(ホシノ ハルナ),〒606-8435 京都府京都市左京区南禅寺福地町1-5南禅寺福地町プラチナ117,33,O
星野 雪子(ホシノ ユキコ),〒277-0854 千葉県柏市豊町3-14,85,A
細井 奈保美(ホソイ ナホミ),〒738-0035 広島県廿日市市宮園4-11,44,O
細川 留吉(ホソカワ トメキチ),〒761-0112 香川県高松市屋島中町4-9,82,A
細野 松夫(ホソノ マツオ),〒681-0054 鳥取県岩美郡岩美町院内4-6-17院内アパート402,50,O
細野 勇治(ホソノ ユウジ),〒771-6402 徳島県那賀郡那賀町木頭出原2-3-9プレイス木頭出原108,39,A
細谷 紀子(ホソヤ ノリコ),〒349-0211 埼玉県白岡市野牛2-4-1,32,A
細谷 花柚(ホソヤ ハナユ),〒329-1413 栃木県さくら市葛城4-1-4,27,A
堀田 秋雄(ホッタ アキオ),〒671-4135 兵庫県宍粟市一宮町安黒3-15-11ドリーム一宮町安黒310,33,O
堀田 季衣(ホッタ トシエ),〒861-4135 熊本県熊本市南区鳶町4-8-1,39,B
堀田 一(ホッタ ハジメ),〒799-1105 愛媛県西条市小松町大郷4-19-2,50,A
堀田 瑠美(ホッタ ルミ),〒516-0101 三重県度会郡南伊勢町五ケ所浦2-14五ケ所浦グリーン407,24,AB
堀江 幹夫(ホリエ ミキオ),〒507-0023 岐阜県多治見市小田町1-18-20プレイス小田町409,40,O
堀口 陳雄(ホリグチ ノブオ),〒769-1504 香川県三豊市豊中町上高野2-9-9豊中町上高野コーポ401,87,B
堀越 達男(ホリコシ タツオ),〒675-0038 兵庫県加古川市加古川町木村2-8-7,63,AB
本田 紫音(ホンダ シオン),〒370-0406 群馬県太田市前小屋町4-12-18前小屋町タウン106,21,O
本多 茂子(ホンダ シゲコ),〒747-1221 山口県山口市鋳銭司1-11鋳銭司マンション208,33,O
本田 静(ホンダ シズ),〒819-1563 福岡県糸島市高来寺2-13-5,85,B
本田 照夫(ホンダ テルオ),〒852-8013 長崎県長崎市梁川町3-12,21,B
本多 範明(ホンダ ノリアキ),〒513-0808 三重県鈴鹿市西條町2-4-12キャッスル西條町406,72,AB
本多 文二(ホンダ ブンジ),〒639-1101 奈良県大和郡山市下三橋町1-7,86,O
本多 理絵(ホンダ リエ),〒907-0001 沖縄県石垣市大浜3-20-3大浜メゾン209,35,A
前川 武雄(マエカワ タケオ),〒981-2164 宮城県伊具郡丸森町町東1-3-15コンフォート町東408,89,O
前島 奈菜(マエジマ ナナ),〒874-0913 大分県別府市春木1-3-11春木ヒル116,45,B
前田 雅康(マエダ マサヤス),〒700-0023 岡山県岡山市北区駅前町2-6-8ザ駅前町300,74,A
前野 矩之(マエノ ノリユキ),〒572-0838 大阪府寝屋川市八坂町3-20,34,O
前原 春江(マエハラ ハルエ),〒959-4512 新潟県東蒲原郡阿賀町大倉乙1-1-20ドリーム大倉乙218,80,O
牧 希美(マキ キミ),〒679-2151 兵庫県姫路市香寺町香呂1-4-5香寺町香呂ランド208,75,O
牧野 穂花(マキノ ホノカ),〒501-0111 岐阜県岐阜市鏡島4-18ザ鏡島105,44,B
牧野 良彦(マキノ ヨシヒコ),〒990-0037 山形県山形市八日町4-17,68,O
正木 貞子(マサキ サダコ),〒527-0026 滋賀県東近江市八日市野々宮町3-2,56,O
正木 広(マサキ ヒロシ),〒355-0121 埼玉県比企郡吉見町蓮沼新田3-18-16,85,O
益田 一久(マスダ カズヒサ),〒509-0253 岐阜県可児市室原2-1-5,40,A
益田 裕人(マスダ ヒロト),〒929-1342 石川県羽咋郡宝達志水町麦生2-2-18,52,B
増山 香(マスヤマ カオル),〒910-3511 福井県福井市白滝町4-11-3白滝町ランド213,58,O
増山 康朗(マスヤマ ヤスロウ),〒927-2124 石川県輪島市門前町東大町2-9-13,88,B
町田 平八郎(マチダ ヘイハチロウ),〒395-0037 長野県飯田市南常盤町1-2-11,74,A
松井 千恵(マツイ チエ),〒023-0401 岩手県奥州市胆沢南都田1-2-19,57,A
松井 米吉(マツイ ヨネキチ),〒961-0409 福島県白河市表郷河東田4-18-9表郷河東田フォレスト310,59,A
松浦 義治(マツウラ ヨシハル),〒028-1361 岩手県下閉伊郡山田町織笠4-11-2,46,A
松尾 柾(マツオ マサキ),〒649-6623 和歌山県紀の川市藤崎3-11-7,20,B
松木 恵理子(マツキ エリコ),〒779-5327 徳島県三好市山城町尾又1-6-11,59,O
松崎 周二(マツザキ シュウジ),〒224-0015 神奈川県横浜市都筑区牛久保西1-1,80,AB
松崎 清佳(マツザキ セイカ),〒771-1705 徳島県阿波市阿波町赤坂2-4,27,O
松下 広治(マツシタ ヒロジ),〒520-2261 滋賀県大津市大石曽束町4-19-17,89,A
松田 苺佳(マツダ イチカ),〒027-0026 岩手県宮古市上村3-7,28,A
松田 健次郎(マツダ ケンジロウ),〒341-0015 埼玉県三郷市前間4-13,81,O
松田 紗夕(マツダ サユ),〒959-1147 新潟県三条市岡野新田1-4-16岡野新田タワー100,26,O
松永 廣祐(マツナガ コウスケ),〒501-0425 岐阜県本巣郡北方町加茂3-10-15,58,B
松野 当麻(マツノ トウマ),〒428-0031 静岡県島田市金谷清水1-4-5,56,O
松野 八重子(マツノ ヤエコ),〒027-0072 岩手県宮古市五月町4-17-13コーポ五月町305,62,A
松村 和義(マツムラ カズヨシ),〒761-1612 香川県高松市塩江町安原上東3-7,59,A
松村 正司(マツムラ マサシ),〒510-0235 三重県鈴鹿市南江島町3-12-13,57,O
松元 正志(マツモト マサシ),〒952-1581 新潟県佐渡市相川下戸炭屋町3-16-6,75,O
真鍋 和馬(マナベ カズマ),〒214-0008 神奈川県川崎市多摩区菅北浦3-7-13,85,O
真鍋 光枝(マナベ ミツエ),〒581-0841 大阪府八尾市福万寺町北4-15コート福万寺町北108,64,AB
丸田 賢明(マルタ タテアキ),〒939-0315 富山県射水市椎土1-3-11,40,A
丸田 琉唯(マルタ ルイ),〒799-2464 愛媛県松山市安岡3-1,20,A
丸山 辰二(マルヤマ タツジ),〒381-0016 長野県長野市南堀3-19-14南堀ヒル201,43,O
三浦 政春(ミウラ マサハル),〒871-0701 大分県中津市山国町槻木4-17,73,A
三浦 勇蔵(ミウラ ユウゾウ),〒779-3620 徳島県美馬市脇町岩倉4-16,65,A
三上 賢司(ミカミ ケンジ),〒102-0074 東京都千代田区九段南3-7,29,O
三木 桃(ミキ モモ),〒859-1402 長崎県島原市有明町湯江乙3-18,51,O
三沢 彩(ミサワ アヤ),〒707-0132 岡山県美作市小畑2-3ロイヤル小畑410,34,B
三沢 孝雄(ミサワ タカオ),〒640-8294 和歌山県和歌山市北中間町3-2-6,50,O
三沢 夕騎(ミサワ ユウキ),〒863-1161 熊本県天草市宮地岳町4-11-8宮地岳町フォレスト304,25,A
三島 佳穂(ミシマ カホ),〒404-0031 山梨県甲州市塩山上粟生野1-2-12塩山上粟生野マンション407,34,A
三島 秀加(ミシマ ヒデカ),〒904-0101 沖縄県中頭郡北谷町上勢頭4-12上勢頭コート308,42,A
水島 大地(ミズシマ ダイチ),〒862-0955 熊本県熊本市中央区神水本町3-17-2,87,A
水田 照美(ミズタ テルミ),〒717-0426 岡山県真庭市三世七原3-18-10,70,A
溝口 淳子(ミゾグチ ジュンコ),〒894-2233 鹿児島県大島郡瀬戸内町野見山4-20野見山ヒル307,38,A
三田 有正(ミタ アリマサ),〒860-0038 熊本県熊本市中央区古桶屋町3-16-4ハウス古桶屋町302,45,O
三田 拓哉(ミタ タクヤ),〒381-0015 長野県長野市石渡4-20-15,36,A
三田 昌嗣(ミタ マサシ),〒311-3152 茨城県東茨城郡茨城町飯沼3-18-16,77,A
三田 祐司(ミタ ユウジ),〒817-1522 長崎県対馬市上県町樫滝4-11-19,67,A
三谷 隆司(ミタニ タカシ),〒524-0062 滋賀県守山市杉江町4-8-12杉江町フォレスト115,59,O
三谷 千鶴(ミタニ チヅル),〒500-8089 岐阜県岐阜市若松町3-5ダイヤモンド若松町319,34,AB
三井 康代(ミツイ ヤスヨ),〒479-0062 愛知県常滑市運内4-5-3,78,O
三橋 沙紀(ミハシ サキ),〒889-1903 宮崎県北諸県郡三股町稗田3-6稗田コーポ212,35,A
三橋 正太郎(ミハシ ショウタロウ),〒267-0057 千葉県千葉市緑区大木戸町2-19-16,84,O
三原 勇二(ミハラ ユウジ),〒150-0021 東京都渋谷区恵比寿西4-18-15リバーサイド恵比寿西414,66,A
宮内 喜一(ミヤウチ キイチ),〒567-0822 大阪府茨木市中村町2-2-15,57,A
宮内 涼香(ミヤウチ スズカ),〒877-0077 大分県日田市南友田町4-11-13フォレスト南友田町201,47,B
宮川 桜久良(ミヤカワ サクラ),〒923-0336 石川県小松市那谷町3-9-9,20,B
宮城 政幸(ミヤギ マサユキ),〒017-0835 秋田県大館市小館花4-10-7,51,A
三宅 邦仁(ミヤケ クニヒト),〒227-0062 神奈川県横浜市青葉区青葉台4-13,47,B
三宅 千秋(ミヤケ チアキ),〒656-1302 兵庫県洲本市五色町都志米山3-12-14,69,B
三宅 美佳(ミヤケ ミカ),〒273-0002 千葉県船橋市東船橋3-2-13東船橋ステージ219,32,O
三宅 雄二(ミヤケ ユウジ),〒689-3201 鳥取県西伯郡大山町豊成1-17-17,74,B
宮坂 優(ミヤサカ ユウ),〒904-2152 沖縄県沖縄市明道2-15ステージ明道407,62,A
宮崎 優斗(ミヤザキ ユウト),〒671-2568 兵庫県宍粟市山崎町葛根2-17,20,O
宮沢 亜実(ミヤザワ アミ),〒311-1313 茨城県東茨城郡大洗町成田町2-12-5成田町レジデンス100,83,O
宮下 菜々(ミヤシタ ナナ),〒911-0048 福井県勝山市荒土町戸倉3-20-20,60,B
宮下 日向子(ミヤシタ ヒナコ),〒869-0533 熊本県宇城市松橋町両仲間4-3-13,21,O
宮島 亜衣(ミヤジマ アイ),〒376-0052 群馬県桐生市天神町3-10,64,A
宮島 孝志(ミヤジマ タカシ),〒216-0026 神奈川県川崎市宮前区初山3-18,67,B
宮島 千恵子(ミヤジマ チエコ),〒905-0604 沖縄県島尻郡伊是名村伊是名2-8-5,32,B
宮島 靖夫(ミヤジマ ヤスオ),〒942-0325 新潟県上越市浦川原区坪野3-10浦川原区坪野アパート213,85,AB
宮田 紀夫(ミヤタ ノリオ),〒771-1350 徳島県板野郡上板町瀬部1-17-10,24,A
宮野 満喜子(ミヤノ マキコ),〒604-0013 京都府京都市中京区二条新町4-16二条新町タウン206,45,B
宮原 三喜(ミヤハラ ミキ),〒746-0105 山口県周南市馬神3-16,34,A
三輪 静(ミワ シズ),〒882-0812 宮崎県延岡市本小路1-13-4本小路荘108,33,O
村井 優月(ムライ ユヅキ),〒371-0123 群馬県前橋市高花台4-16-12,72,B
村田 剣一(ムラタ ケンイチ),〒913-0043 福井県坂井市三国町錦1-7,86,A
村田 美玖(ムラタ ミク),〒514-1117 三重県津市久居野口町1-6-2,70,B
村松 浩(ムラマツ ヒロシ),〒780-8051 高知県高知市鴨部上町3-18,71,O
村山 健三(ムラヤマ ケンゾウ),〒309-1127 茨城県筑西市桑山1-8,85,O
村山 正(ムラヤマ タダシ),〒519-3653 三重県尾鷲市上野町4-17上野町プレシャス113,30,B
村山 乃愛(ムラヤマ ノア),〒817-0432 長崎県対馬市美津島町今里4-14-6美津島町今里シティ207,67,B
村山 聖(ムラヤマ ヒジリ),〒509-4262 岐阜県飛騨市古川町中野3-18-5パーク古川町中野204,32,A
目黒 紀男(メグロ ノリオ),〒860-0076 熊本県熊本市中央区壺川3-18-17壺川ゴールデン313,35,O
茂木 康正(モギ ヤスマサ),〒989-6167 宮城県大崎市古川川端1-8パレス古川川端408,73,AB
持田 空(モチダ ソラ),〒518-0822 三重県伊賀市問屋町2-20-16,44,AB
持田 莉緒(モチダ リオ),〒381-0209 長野県上高井郡小布施町中松4-8-12テラス中松111,62,O
本橋 綾珂(モトハシ リョウカ),〒894-2231 鹿児島県大島郡瀬戸内町押角1-5-14,29,A
本山 夏鈴(モトヤマ カリン),〒522-0337 滋賀県犬上郡多賀町富之尾1-13-16富之尾スカイ204,87,A
本山 紬(モトヤマ ツムギ),〒288-0041 千葉県銚子市中央町2-11-20,82,O
百瀬 清(モモセ キヨシ),〒563-0057 大阪府池田市槻木町1-5槻木町マンション405,40,A
百瀬 辰也(モモセ タツヤ),〒509-0132 岐阜県各務原市鵜沼西町2-19-6,66,O
森 忠男(モリ タダオ),〒680-0901 鳥取県鳥取市江津4-14-14,43,O
森井 奈美(モリイ ナミ),〒880-0939 宮崎県宮崎市花山手西1-3,80,A
森岡 奈緒(モリオカ ナオ),〒036-0101 青森県平川市大光寺稲田4-5大光寺稲田ゴールデン203,29,B
森口 五月(モリグチ サツキ),〒162-0855 東京都新宿区二十騎町3-9-1,29,O
森下 花穂(モリシタ カホ),〒763-0042 香川県丸亀市港町4-16,85,O
森島 綾香(モリシマ アヤカ),〒675-2242 兵庫県加西市尾崎町4-4-20尾崎町タウン219,43,A
森田 矩之(モリタ ノリユキ),〒501-5424 岐阜県高山市荘川町中野1-2-6,43,A
森本 歩美(モリモト アユミ),〒785-0059 高知県須崎市桐間西2-5桐間西ステーション306,74,O
森脇 喜代子(モリワキ キヨコ),〒779-4802 徳島県三好市井川町向坂3-17,38,A
森脇 伸(モリワキ シン),〒031-0001 青森県八戸市類家2-2-5類家フォレスト210,78,A
八木 更紗(ヤギ サラサ),〒939-0561 富山県富山市水橋石割1-9-18,67,O
八木 涼花(ヤギ スズカ),〒612-0875 京都府京都市伏見区深草枯木町2-18-10深草枯木町荘219,69,A
矢口 泰史(ヤグチ ヤスフミ),〒990-0011 山形県山形市妙見寺2-19タウン妙見寺313,43,O
矢崎 史郎(ヤザキ シロウ),〒475-0941 愛知県半田市滑楚町1-12コーポ滑楚町106,79,AB
矢崎 梨花(ヤザキ リカ),〒300-0812 茨城県土浦市下高津1-4,39,A
矢沢 真人(ヤザワ マサト),〒381-0072 長野県長野市浅川清水1-12,39,A
矢島 昌利(ヤジマ マサトシ),〒087-0002 北海道根室市牧の内3-15-15,32,AB
安井 奈緒(ヤスイ ナオ),〒378-0062 群馬県沼田市町田町3-8-1,21,O
安井 久吉(ヤスイ ヒサキチ),〒606-0854 京都府京都市左京区下鴨東岸本町1-6-3,26,O
安川 英次(ヤスカワ エイジ),〒690-2403 島根県雲南市三刀屋町下熊谷1-7-8,52,A
安川 賢司(ヤスカワ ケンジ),〒857-4703 長崎県北松浦郡小値賀町中村郷3-1-2,41,B
保田 金吾(ヤスダ キンゴ),〒370-2121 群馬県高崎市吉井町下長根1-4-16プレシャス吉井町下長根211,74,A
安田 彩雪(ヤスダ サユキ),〒930-0173 富山県富山市野口1-13,23,O
保田 千春(ヤスダ チハル),〒370-1402 群馬県藤岡市譲原4-11-1,27,A
安田 康朗(ヤスダ ヤスロウ),〒720-0093 広島県福山市郷分町2-18-16,82,O
安永 忠(ヤスナガ タダシ),〒939-1571 富山県南砺市松原新2-18,30,O
安永 真緒(ヤスナガ マオ),〒501-0101 岐阜県岐阜市曽我屋2-10-3曽我屋コート411,27,B
安原 知子(ヤスハラ トモコ),〒640-8343 和歌山県和歌山市吉田2-2-5タワー吉田107,56,A
八田 敦(ヤツタ アツシ),〒722-1516 広島県三原市八幡町本庄4-19-19,64,A
八田 誠一(ヤツタ セイイチ),〒418-0055 静岡県富士宮市宝町4-4,21,B
八田 由香(ヤツタ ユカ),〒649-6321 和歌山県和歌山市布施屋4-15-13,64,AB
柳川 重彦(ヤナガワ シゲヒコ),〒987-2151 宮城県栗原市高清水仰ケ返り4-15-13高清水仰ケ返りの杜204,44,A
柳川 智恵子(ヤナガワ チエコ),〒988-0554 宮城県気仙沼市唐桑町崎浜2-6,81,A
柳田 郁代(ヤナギダ イクヨ),〒605-0078 京都府京都市東山区富永町3-9富永町コンフォート118,62,B
柳田 英一(ヤナギダ エイイチ),〒998-0834 山形県酒田市若竹町3-5-15,44,B
柳原 英治(ヤナギハラ エイジ),〒875-0073 大分県臼杵市掻懐4-3-17,35,A
柳瀬 義男(ヤナセ ヨシオ),〒856-0809 長崎県大村市沖田町4-10ドリーム沖田町308,82,A
矢野 洋(ヤノ ヒロシ),〒630-8267 奈良県奈良市大豆山突抜町2-11大豆山突抜町プラザ113,36,B
矢吹 謙多郎(ヤブキ ケンタロウ),〒770-0872 徳島県徳島市北沖洲2-14-18,35,O
矢吹 理沙(ヤブキ リサ),〒939-1725 富山県南砺市鍛治3-6-1,62,B
山内 梅吉(ヤマウチ ウメキチ),〒891-9234 鹿児島県大島郡知名町上城1-16-7,31,AB
山内 弘美(ヤマウチ ヒロミ),〒299-0205 千葉県袖ケ浦市上泉2-9-9,35,O
山内 正浩(ヤマウチ マサヒロ),〒737-2124 広島県江田島市江田島町宮ノ原2-2テラス江田島町宮ノ原410,41,O
山内 優斗(ヤマウチ ユウト),〒070-0001 北海道旭川市新富１条2-17-18ハイツ新富１条109,53,O
山岡 英雄(ヤマオカ ヒデオ),〒401-0006 山梨県大月市賑岡町奥山1-10-14,76,A
山形 蒼(ヤマガタ アオイ),〒259-1124 神奈川県伊勢原市上平間4-10-11,81,A
山形 清作(ヤマガタ セイサク),〒952-1644 新潟県佐渡市橘3-3橘グランド309,65,A
山上 一路(ヤマガミ カズミチ),〒905-0426 沖縄県国頭郡今帰仁村諸志2-20-3,63,O
山上 佳奈(ヤマガミ ヨシナ),〒513-0801 三重県鈴鹿市神戸本多町1-10神戸本多町ランド408,38,O
山上 和香(ヤマガミ ワカ),〒583-0033 大阪府藤井寺市小山3-20-3小山庵102,37,A
山岸 茉奈(ヤマギシ マナ),〒819-1306 福岡県糸島市志摩松隈1-15-10志摩松隈ハイツ211,42,A
山口 明菜(ヤマグチ アキナ),〒901-2402 沖縄県中頭郡中城村泊2-10-12泊マンション113,36,A
山口 和枝(ヤマグチ カズエ),〒745-0618 山口県周南市藤ヶ台2-1-1,57,O
山下 恭一(ヤマシタ キョウイチ),〒033-0161 青森県三沢市八幡3-13-18,73,B
山城 小梅(ヤマシロ コウメ),〒891-0704 鹿児島県南九州市頴娃町別府4-18,45,B
山城 琴乃(ヤマシロ コトノ),〒511-1148 三重県桑名市長島町北殿名1-9-18グリーン長島町北殿名210,53,O
山城 春香(ヤマシロ ハルカ),〒646-0312 和歌山県西牟婁郡白浜町大3-5大スカイ409,82,AB
山根 公一(ヤマネ コウイチ),〒762-0051 香川県坂出市御供所町3-9-8,59,A
山根 正道(ヤマネ マサミチ),〒321-4416 栃木県真岡市上鷺谷2-10-12,33,A
山村 綾菜(ヤマムラ アヤナ),〒849-4254 佐賀県伊万里市山代町城3-13,73,O
山村 良昭(ヤマムラ ヨシアキ),〒501-4455 岐阜県郡上市八幡町小那比2-13八幡町小那比プレイス213,48,A
湯浅 金蔵(ユアサ キンゾウ),〒633-0235 奈良県宇陀市榛原比布3-20-6パーク榛原比布103,62,O
湯浅 実咲(ユアサ ミサキ),〒669-6561 兵庫県美方郡香美町香住区間室2-18香住区間室の杜113,29,AB
結城 理(ユウキ サトル),〒276-0001 千葉県八千代市小池1-16-4,34,O
結城 善吉(ユウキ ゼンキチ),〒500-8078 岐阜県岐阜市柳生町3-16,65,AB
結城 知子(ユウキ トモコ),〒727-0016 広島県庄原市一木町4-6一木町ハウス207,63,A
結城 元夫(ユウキ モトオ),〒885-0033 宮崎県都城市妻ケ丘町2-20,29,B
湯川 明紀(ユカワ アキノリ),〒028-6937 岩手県二戸市浄法寺町大畑3-19-1コーポ浄法寺町大畑206,30,A
横尾 和正(ヨコオ カズマサ),〒276-0034 千葉県八千代市八千代台西2-20-1,22,A
横川 佳子(ヨコカワ ヨシコ),〒847-0802 佐賀県唐津市梨川内3-7,54,A
横田 麻世(ヨコタ マヨ),〒789-1407 高知県高岡郡中土佐町大野見三ツ又2-7-16ロイヤルパレス大野見三ツ又219,41,A
横田 美也子(ヨコタ ミヤコ),〒771-1702 徳島県阿波市阿波町天西山4-13,89,A
吉井 定雄(ヨシイ サダオ),〒286-0022 千葉県成田市寺台4-11-2寺台キャッスル400,64,A
吉岡 陽一郎(ヨシオカ ヨウイチロウ),〒350-2219 埼玉県鶴ヶ島市三ツ木新町1-9,38,O
吉岡 与三郎(ヨシオカ ヨサブロウ),〒393-0082 長野県諏訪郡下諏訪町西弥生町4-4-15,40,B
?崎 涼(ヨシザキ リョウ),〒963-5406 福島県東白川郡塙町上渋井4-14ダイヤモンド上渋井412,56,B
吉崎 渉(ヨシザキ ワタル),〒924-0035 石川県白山市上柏野町1-5-15,71,O
吉沢 奈々子(ヨシザワ ナナコ),〒755-0086 山口県宇部市中宇部3-14ロイヤルパレス中宇部311,35,A
吉田 治雄(ヨシダ ハルオ),〒739-2205 広島県東広島市河内町戸野2-6-13河内町戸野グランド318,44,O
吉永 伸浩(ヨシナガ ノブヒロ),〒701-1141 岡山県岡山市北区菅野2-15-9パレス菅野100,64,A
吉村 伊都子(ヨシムラ イツコ),〒028-7653 岩手県八幡平市平又1-7平又レジデンス216,29,B
?本 佳瑞(ヨシモト カズイ),〒910-0305 福井県坂井市丸岡町八幡町1-5-19丸岡町八幡町シティ208,23,O
吉本 富士雄(ヨシモト フジオ),〒010-1612 秋田県秋田市新屋豊町4-9-9,40,O
吉本 昌己(ヨシモト マサミ),〒897-1122 鹿児島県南さつま市加世田小湊4-12-1加世田小湊シーサイド314,52,O
吉原 朱里(ヨシワラ アカリ),〒799-0711 愛媛県四国中央市土居町土居3-2,32,A
吉原 謙治(ヨシワラ ケンジ),〒573-0166 大阪府枚方市山田池北町3-11,77,O
吉原 美紗(ヨシワラ ミサ),〒682-0133 鳥取県東伯郡三朝町桜ケ丘4-13-11,49,A
米倉 真樹(ヨネクラ マキ),〒528-0201 滋賀県甲賀市土山町大河原2-18-8テラス土山町大河原310,77,O
米沢 毅雄(ヨネザワ タケオ),〒399-4113 長野県駒ヶ根市赤須町2-15-14,20,O
米田 健二(ヨネダ ケンジ),〒286-0134 千葉県成田市東和田4-2-3東和田フォレスト313,77,A
米田 志歩(ヨネダ シホ),〒781-2117 高知県吾川郡いの町内野東町2-20-1内野東町コンフォート303,52,AB
米田 結衣(ヨネダ ユイ),〒817-0245 長崎県対馬市厳原町久根田舎3-18-8,30,O
若山 章夫(ワカヤマ アキオ),〒709-3622 岡山県久米郡久米南町仏教寺2-14-5仏教寺プラザ415,21,AB
若山 徳治(ワカヤマ トクジ),〒937-0847 富山県魚津市浅生3-7-4スイート浅生105,27,O
脇田 今日子(ワキタ キョウコ),〒869-0213 熊本県玉名市岱明町扇崎2-5-16,85,O
脇田 貴士(ワキタ タカシ),〒689-1325 鳥取県鳥取市佐治町中3-20-10,88,B
渡邊 華蓮(ワタナベ カレン),〒739-0302 広島県広島市安芸区上瀬野町3-3-6,55,O
渡部 朋美(ワタナベ トモミ),〒250-0407 神奈川県足柄下郡箱根町二ノ平4-8,67,AB
渡部 美玖(ワタナベ ミク),〒779-0108 徳島県板野郡板野町犬伏4-2-9犬伏スイート101,62,O
渡辺 梨央(ワタナベ リオ),〒781-5705 高知県安芸郡芸西村馬ノ上1-6-17,42,B
