�t�B�[�`��ID,�`��(WKT),�ԍ�,�w��敪,����,�s������,���ԊJ�n����,���ԏI������,�쐬��,�쐬����,�X�V��,�X�V����
1,POINT(136.823058984888 35.1940985620871),001,���w��,�r�ڎ�����,���܎s�@�i���r�ڎ����j,"","",�V�X�e���Ǘ���,2015/01/26 15:51:01,�V�X�e���Ǘ���,2020/09/05 11:35:59
2,POINT(136.793122880123 35.239865912461),004,���w��,���C������,���s,"","",�V�X�e���Ǘ���,2015/01/26 15:51:01,�V�X�e���Ǘ���,2020/09/05 11:28:20
3,POINT(137.199529409409 34.9841460852397),003,���w��,��R���O��,����s,"","",�V�X�e���Ǘ���,2015/01/26 15:51:01,�V�X�e���Ǘ���,2020/10/27 17:31:37
4,POINT(137.124076739365 34.9485422749077),005,���w��,����������,����s,"","",�V�X�e���Ǘ���,2015/01/26 15:51:01,�V�X�e���Ǘ���,2020/09/05 11:29:14
5,POINT(137.20561853897 34.9881995241714),006,���w��,��R���{��,����s,"","",�V�X�e���Ǘ���,2015/01/26 15:51:01,�V�X�e���Ǘ���,2020/09/05 11:33:14
6,POINT(137.164235040539 34.9838876794523),007,���w��,���������,����s,"","",�V�X�e���Ǘ���,2015/01/26 15:51:01,�V�X�e���Ǘ���,2020/09/05 11:44:41
7,POINT(137.175058824462 35.0030167045449),008,���w��,�M�������ω���,����s,"","",�V�X�e���Ǘ���,2015/01/26 15:51:01,�V�X�e���Ǘ���,2020/09/05 11:49:13
8,POINT(136.831254333123 35.2333610708328),009,���w��,�������n����,���s,"","",�V�X�e���Ǘ���,2015/01/26 15:51:01,�V�X�e���Ǘ���,2020/09/05 11:49:22
9,POINT(137.041350628945 35.0124357938336),010,���w��,�m���_�Б���,�m���s,"","",�V�X�e���Ǘ���,2015/01/26 15:51:01,�V�X�e���Ǘ���,2020/09/05 11:49:34
10,POINT(137.313717250708 34.9242469281078),011,���w��,�V�������a,����s�@�i���z�c���j,"","",�V�X�e���Ǘ���,2015/01/26 15:51:01,�V�X�e���Ǘ���,2020/09/05 11:49:50
11,POINT(137.313881317561 34.9241836255794),012,���w��,�V�����R��,����s�@�i���z�c���j,"","",�V�X�e���Ǘ���,2015/01/26 15:51:01,�V�X�e���Ǘ���,2020/09/05 11:50:01
12,POINT(137.439853569517 34.6831933044228),013,���w��,���ω�������,�L���s,"","",�V�X�e���Ǘ���,2015/01/26 15:51:01,�V�X�e���Ǘ���,2020/09/05 11:50:16
13,POINT(137.399552352752 34.8201889671896),014,���w��,�O�����O�d��,�L��s,"","",�V�X�e���Ǘ���,2015/01/26 15:51:01,�V�X�e���Ǘ���,2020/09/05 11:50:30
14,POINT(137.33969617112 34.8382105811847),015,���w��,�����{�{�a,�L��s,"","",�V�X�e���Ǘ���,2015/01/26 15:51:01,�V�X�e���Ǘ���,2020/09/05 11:50:53
15,POINT(137.311965321332 35.1344263581714),016,���w��,���������{�{�a,�L�c�s�@�i���������j,"","",�V�X�e���Ǘ���,2015/01/26 15:51:01,�V�X�e���Ǘ���,2020/09/05 11:51:04
16,POINT(136.801001552073 35.2837624930217),017,���w��,���������g��,��{�s,"","",�V�X�e���Ǘ���,2015/01/26 15:51:01,�V�X�e���Ǘ���,2020/09/05 11:51:47
17,POINT(137.002954784455 35.2438652522107),018,���w��,�����@����,�t����s,"","",�V�X�e���Ǘ���,2015/01/26 15:51:01,�V�X�e���Ǘ���,2020/09/05 11:52:00
18,POINT(136.892170148266 35.241411108841),019,���w��,���c���{��,�k���É��s�@�i���t��,"","",�V�X�e���Ǘ���,2015/01/26 15:51:01,�V�X�e���Ǘ���,2020/09/05 11:52:33
19,POINT(136.718636175535 35.1783517071858),020,���w��,�Ó��_�Ж{�a,�Ó��s,"","",�V�X�e���Ǘ���,2015/01/26 15:51:01,�V�X�e���Ǘ���,2020/09/05 11:52:50
20,POINT(136.858569635899 35.136690963627),026,���w��,�ω�������,���É��s�@�����,"","",�V�X�e���Ǘ���,2015/01/26 15:51:01,�V�X�e���Ǘ���,2020/09/05 11:53:13
21,POINT(137.087442165996 34.7781596404468),027,���w��,�����_�Ж{�a,�����s�@�i���g�ǒ��j,"","",�V�X�e���Ǘ���,2015/01/26 15:51:01,�V�X�e���Ǘ���,2020/09/05 11:54:41
22,POINT(137.09111151022 35.2803252657565),029,���w��,������{��,���ˎs,"","",�V�X�e���Ǘ���,2015/01/26 15:51:01,�V�X�e���Ǘ���,2020/09/05 11:53:42
23,POINT(137.15897349017 34.9092718313824),030,���w��,�����{�{�a�i��n�j,����s,"","",�V�X�e���Ǘ���,2015/01/26 15:51:01,�V�X�e���Ǘ���,2020/09/05 11:54:02
24,POINT(136.984551782988 35.2232771756492),031,���w��,���򎛐m����,���É��s�@��R��,"","",�V�X�e���Ǘ���,2015/01/26 15:51:01,�V�X�e���Ǘ���,2020/09/05 11:54:17
25,POINT(137.076585758525 34.8748468754804),033,���w��,�v���v�_�Ж{�a,�����s,"","",�V�X�e���Ǘ���,2015/01/26 15:51:01,�V�X�e���Ǘ���,2020/09/05 12:01:34
26,POINT(136.899055890108 35.1856004443781),034,���w��,���É���,���É��s�@����,"","",�V�X�e���Ǘ���,2015/01/26 15:51:01,�V�X�e���Ǘ���,2020/09/05 12:02:53
27,POINT(137.155373350817 34.9076398582983),035,���w��,�����{�{�a�i�y�C�j,����s,"","",�V�X�e���Ǘ���,2015/01/26 15:51:01,�V�X�e���Ǘ���,2020/09/05 12:03:28
28,POINT(137.164563948142 34.9717808506301),036,���w��,�ɉꔪ���{,����s,"","",�V�X�e���Ǘ���,2015/01/26 15:51:01,�V�X�e���Ǘ���,2020/09/05 12:03:42
29,POINT(137.168495097266 34.9494331788368),037,���w��,�Z���_��,����s,"","",�V�X�e���Ǘ���,2015/01/26 15:51:01,�V�X�e���Ǘ���,2020/09/05 12:04:00
30,POINT(136.942166152942 35.388031689165),043,���w��,�����`�@���@,���R�s,"","",�V�X�e���Ǘ���,2015/01/26 15:51:01,�V�X�e���Ǘ���,2020/09/05 12:04:19
31,POINT(137.092353599151 35.2804612498617),041,���w��,���h���i����`���j�_,���ˎs,"","",�V�X�e���Ǘ���,2015/01/26 15:51:01,�V�X�e���Ǘ���,2020/09/05 12:04:38
32,POINT(136.942397536054 35.3879509916861),042,���w��,����@�@��,���R�s,"","",�V�X�e���Ǘ���,2015/01/26 15:51:01,�V�X�e���Ǘ���,2020/09/05 12:05:07
33,POINT(136.939281239256 35.3883598169501),039,���w��,����@���R��V��,���R�s,"","",�V�X�e���Ǘ���,2015/01/26 15:51:01,�V�X�e���Ǘ���,2020/09/05 12:05:32
34,POINT(136.822750029284 35.19444924636),047,���w��,�r�ڎ�,���܎s�@�i���r�ڎ����j,"","",�V�X�e���Ǘ���,2015/01/26 15:51:01,�V�X�e���Ǘ���,2020/09/05 12:06:20
35,POINT(136.787595381566 35.1478389442459),044,���w��,�y�g�����_�Ж{�a,�C���S�@�I�]��,"","",�V�X�e���Ǘ���,2015/01/26 15:51:01,�V�X�e���Ǘ���,2020/09/05 12:06:49
36,POINT(136.787684685694 35.1475147034223),045,���w��,�����Ж{�a,�C���S�@�I�]��,"","",�V�X�e���Ǘ���,2015/01/26 15:51:01,�V�X�e���Ǘ���,2020/09/05 12:07:15
37,POINT(137.205936221929 34.9882444956027),048,���w��,��R���Ƌ{,����s,"","",�V�X�e���Ǘ���,2015/01/26 15:51:01,�V�X�e���Ǘ���,2020/09/05 12:07:38
38,POINT(137.587636118764 34.9781908586979),049,���w��,���Ƌ{,�V��s�@�i���P�����j,"","",�V�X�e���Ǘ���,2015/01/26 15:51:01,�V�X�e���Ǘ���,2020/09/05 12:07:55
39,POINT(137.586414116232 34.9791055721304),050,���w��,�P�����m����,�V��s�@�i���P�����j,"","",�V�X�e���Ǘ���,2015/01/26 15:51:01,�V�X�e���Ǘ���,2020/09/05 12:08:32
40,POINT(137.399259179601 34.8208926961651),046,���w��,�O�����{�����{�a,�L��s,"","",�V�X�e���Ǘ���,2015/01/26 15:51:01,�V�X�e���Ǘ���,2020/09/05 12:08:15
41,POINT(136.805468874339 35.2556243366977),051,���w��,�����卑��_�ИO��,���s,"","",�V�X�e���Ǘ���,2015/01/26 15:51:01,�V�X�e���Ǘ���,2020/09/05 12:08:48
42,POINT(136.805489693663 35.2558858133857),052,���w��,�����卑��_�Дq�a,���s,"","",�V�X�e���Ǘ���,2015/01/26 15:51:01,�V�X�e���Ǘ���,2020/09/05 12:09:01
43,POINT(137.072514397542 34.8095033138032),022,���w��,����@���@����ɓ�,�����s�@�i���g�ǒ��j,"","",�V�X�e���Ǘ���,2015/01/26 15:51:01,�V�X�e���Ǘ���,2020/09/05 12:09:37
44,POINT(136.931590867142 35.105258678242),053,���w��,�x���_�Ж{�a,���É��s�@���,"","",�V�X�e���Ǘ���,2015/01/26 15:51:01,�V�X�e���Ǘ���,2020/09/05 12:10:15
45,POINT(136.856378621532 35.3491711504797),054,���w��,�֑ɗ�������,�]��s,"","",�V�X�e���Ǘ���,2015/01/26 15:51:01,�V�X�e���Ǘ���,2020/09/05 12:10:28
46,POINT(136.816588381577 35.2560897021732),055,���w��,���������瓰,���s,"","",�V�X�e���Ǘ���,2015/01/26 15:51:01,�V�X�e���Ǘ���,2020/09/05 12:10:47
47,POINT(136.719032455781 35.1781638704236),056,���w��,�Ó��_�ИO��,�Ó��s,"","",�V�X�e���Ǘ���,2015/01/26 15:51:01,�V�X�e���Ǘ���,2020/09/05 12:11:06
48,POINT(136.856300709633 35.3494053189021),057,���w��,�֑ɗ������@,�]��s,"","",�V�X�e���Ǘ���,2015/01/26 15:51:01,�V�X�e���Ǘ���,2020/09/05 12:11:27
49,POINT(136.990208473673 35.340174005567),058,���w��,�������]���Z��i�����݁@�����s�ڍ����ڍ��j ,���R�s,"","",�V�X�e���Ǘ���,2015/01/26 15:51:01,�V�X�e���Ǘ���,2020/09/05 12:14:32
50,POINT(136.988967640117 35.3391265389903),059,���w��,�����{������s����ˋ��,���R�s,"","",�V�X�e���Ǘ���,2015/01/26 15:51:01,�V�X�e���Ǘ���,2020/09/05 12:11:42
51,POINT(136.988552212715 35.3416493733084),060,���w��,���R�������R���S����,���R�s,"","",�V�X�e���Ǘ���,2015/01/26 15:51:01,�V�X�e���Ǘ���,2020/10/27 17:55:49
52,POINT(136.994143702046 35.341667031089),061,���w��,���i�쓕��,���R�s,"","",�V�X�e���Ǘ���,2015/01/26 15:51:01,�V�X�e���Ǘ���,2020/09/05 12:12:31
53,POINT(136.99391234872 35.3418199423074),062,���w��,����������t������,���R�s,"","",�V�X�e���Ǘ���,2015/01/26 15:51:01,�V�X�e���Ǘ���,2020/09/05 12:12:44
54,POINT(136.989123523235 35.3409426706538),063,���w��,���O�d��������,���R�s,"","",�V�X�e���Ǘ���,2015/01/26 15:51:01,�V�X�e���Ǘ���,2020/10/27 17:55:31
55,POINT(136.990341246128 35.3416231182119),064,���w��,���D�y�d�b�����ǎ�,���R�s,"","",�V�X�e���Ǘ���,2015/01/26 15:51:01,�V�X�e���Ǘ���,2020/10/27 17:56:09
56,POINT(136.793551014964 35.2399483618759),066,���w��,���C���{���y�ѕ�,���s,"","",�V�X�e���Ǘ���,2015/01/26 15:51:01,�V�X�e���Ǘ���,2020/09/05 12:13:24
57,POINT(136.989798094001 35.341705822131),067,���w��,�������ƏZ��,���R�s,"","",�V�X�e���Ǘ���,2015/01/26 15:51:01,�V�X�e���Ǘ���,2020/09/05 12:13:39
58,POINT(136.716906130314 35.1288087878164),068,���w��,�����ƏZ��i���m���C���S��x���j ,��x�s�@�i����x���j,"","",�V�X�e���Ǘ���,2015/01/26 15:51:01,�V�X�e���Ǘ���,2020/10/27 17:34:02
59,POINT(137.700353528 35.1442818499011),069,���w��,�F�J�ƏZ��i���m���k�݊y�S�L�����j ,�k�݊y�S�@�L����,"","",�V�X�e���Ǘ���,2015/01/26 15:51:01,�V�X�e���Ǘ���,2020/09/05 12:16:19
60,POINT(137.518932863505 34.8734955124806),070,���w��,�]���ƏZ��i���m���V��s���c�j ,�V��s,"","",�V�X�e���Ǘ���,2015/01/26 15:51:01,�V�X�e���Ǘ���,2020/09/05 12:19:09
61,POINT(136.900766651251 35.1828908692425),071,���w��,���É����V�ۑ���V��,���É��s�@����,"","",�V�X�e���Ǘ���,2015/01/26 15:51:01,�V�X�e���Ǘ���,2020/09/05 12:19:27
62,POINT(136.900615394499 35.1855047214505),072,���w��,���É��鋌��V�ۓ���V��,���É��s�@����,"","",�V�X�e���Ǘ���,2015/01/26 15:51:01,�V�X�e���Ǘ���,2020/09/05 12:19:39
63,POINT(136.927296267786 34.8964966889088),073,���w��,�����W�ƏZ��,���c�s,"","",�V�X�e���Ǘ���,2015/01/26 15:51:01,�V�X�e���Ǘ���,2020/09/05 12:19:51
64,POINT(136.719919894422 35.1764994866996),074,���w��,���x�c�ƏZ��i���m���Ó��s�H�X���j ,�Ó��s,"","",�V�X�e���Ǘ���,2015/01/26 15:51:01,�V�X�e���Ǘ���,2020/09/05 12:20:22
65,POINT(136.967031186969 35.3303845680472),075,���w��,���p�_��,���R�s,"","",�V�X�e���Ǘ���,2015/01/26 15:51:01,�V�X�e���Ǘ���,2020/09/05 12:21:01
66,POINT(136.962482173504 35.1399034078298),076,���w��,�������܏d��,���É��s�@���a��,"","",�V�X�e���Ǘ���,2015/01/26 15:51:01,�V�X�e���Ǘ���,2020/09/05 12:21:16
67,POINT(136.910136775072 35.1815228546812),077,���w��,�����É��T�i�@�n���ٔ�����ٔ�������,���É��s�@����,"","",�V�X�e���Ǘ���,2015/01/26 15:51:01,�V�X�e���Ǘ���,2020/09/05 12:21:32
68,POINT(136.989460713485 35.345067628274),079,���w��,��������,���R�s,"","",�V�X�e���Ǘ���,2015/01/26 15:51:01,�V�X�e���Ǘ���,2020/09/05 12:21:54
69,POINT(136.897525643891 35.0132658224284),078,���w��,�ϕ����{�����{�a,���C�s,"","",�V�X�e���Ǘ���,2015/01/26 15:51:01,�V�X�e���Ǘ���,2020/09/05 12:22:06
70,POINT(137.355821728706 34.8736111227397),0415-0417,���o�^,���ꎛ,�L��s,"","",�V�X�e���Ǘ���,2015/01/26 15:51:01,�V�X�e���Ǘ���,2020/10/27 18:29:48
71,POINT(136.990727341543 35.3444114412935),081,���w��,���ɐ��X�֋ǎ�(�F���R�c�X�֋ǎ�),���R�s,"","",�V�X�e���Ǘ���,2015/01/26 15:51:01,�V�X�e���Ǘ���,2020/09/05 12:22:43
72,POINT(137.176159652489 34.9535525890532),082,���w��,���z�c�S����y���Y��,����s,"","",�V�X�e���Ǘ���,2015/01/26 15:51:01,�V�X�e���Ǘ���,2020/09/05 12:22:52
73,POINT(136.68016742574 35.1318783304685),083,���w��,�D�����}��,�����s,"","",�V�X�e���Ǘ���,2015/01/26 15:51:01,�V�X�e���Ǘ���,2020/09/05 12:23:02
74,POINT(136.982170227649 35.1542680380323),084,���w��,���É��s���R�A���������O��,���É��s�@����,"","",�V�X�e���Ǘ���,2015/01/26 15:51:01,�V�X�e���Ǘ���,2020/09/05 12:23:32
75,POINT(136.89172966833 35.2416985679667),002,���w��,���R�Ж{�a,�k���É��s�@�i���t��,"","",�V�X�e���Ǘ���,2015/01/26 15:51:01,�V�X�e���Ǘ���,2020/09/07 18:41:08
76,POINT(136.852997861491 34.7709299103552),003,���w��,��䓰���q�a,�m���S�@���l��,"","",�V�X�e���Ǘ���,2015/01/26 15:51:01,�V�X�e���Ǘ���,2020/09/07 18:41:29
77,POINT(137.310427302485 34.8200564621025),001,���w��,�剶���R��,�L��s�@�i����Ò��j,"","",�V�X�e���Ǘ���,2015/01/26 15:51:01,�V�X�e���Ǘ���,2020/09/07 18:42:24
78,POINT(136.857116938103 35.3488665616827),009,���w��,�֑ɗ��������i�n�����j,�]��s,"","",�V�X�e���Ǘ���,2015/01/26 15:51:01,�V�X�e���Ǘ���,2020/09/07 18:43:11
79,POINT(137.165417992832 34.9839508007007),005,���w��,���������,����s,"","",�V�X�e���Ǘ���,2015/01/26 15:51:01,�V�X�e���Ǘ���,2020/09/07 18:42:50
80,POINT(136.984378223376 34.8868325771703),004,���w��,�F��_�Ўˏ������тɓ�R����,�ɓ�s,"","",�V�X�e���Ǘ���,2015/01/26 15:51:01,�V�X�e���Ǘ���,2020/09/07 18:43:23
81,POINT(137.068153082705 34.8004758250031),011,���w��,���������O,�����S�@�g�ǒ�,"","",�V�X�e���Ǘ���,2015/01/26 15:51:01,�V�X�e���Ǘ���,2020/09/07 18:43:33
82,POINT(137.545971589064 35.1508850960411),008,���w��,�����_�Ж{�a,�k�݊y�S�@�݊y��,"","",�V�X�e���Ǘ���,2015/01/26 15:51:01,�V�X�e���Ǘ���,2020/09/07 18:43:42
83,POINT(137.321365068461 34.8759808157665),007,���w��,����,�L��s�@�i�����H���j,"","",�V�X�e���Ǘ���,2015/01/26 15:51:01,�V�X�e���Ǘ���,2020/09/07 18:44:31
84,POINT(136.953928037961 35.0786257957006),017,���w��,���򎛑���,���É��s�@�΋�,"","",�V�X�e���Ǘ���,2015/01/26 15:51:01,�V�X�e���Ǘ���,2020/09/07 18:44:11
85,POINT(137.087551408796 34.7781777416147),013,���w��,�����_�Ћ����А_���Ж{�a,�����S�@�g�ǒ�,"","",�V�X�e���Ǘ���,2015/01/26 15:51:01,�V�X�e���Ǘ���,2020/09/07 18:44:46
86,POINT(137.087365692615 34.7781505755939),014,���w��,�����_�Ћ����ЌF��Ж{�a,�����S�@�g�ǒ�,"","",�V�X�e���Ǘ���,2015/01/26 15:51:01,�V�X�e���Ǘ���,2020/09/07 18:44:57
87,POINT(136.884613528966 35.3419839149301),018,���w��,�{�㔪���Ж{�a,�]��s,"","",�V�X�e���Ǘ���,2015/01/26 15:51:01,�V�X�e���Ǘ���,2020/09/07 18:45:14
88,POINT(136.971920532522 35.3647907316892),020,���w��,�_���ИO��,���R�s,"","",�V�X�e���Ǘ���,2015/01/26 15:51:01,�V�X�e���Ǘ���,2020/09/07 18:53:23
89,POINT(136.927468979364 35.1793858431917),021,���w��,����������Ɨ�_,���É��s�@����,"","",�V�X�e���Ǘ���,2015/01/26 15:51:01,�V�X�e���Ǘ���,2020/09/07 18:53:36
90,POINT(136.899301915108 35.1775330707068),022,���w��,���Ƌ{�Гa,���É��s�@����,"","",�V�X�e���Ǘ���,2015/01/26 15:51:01,�V�X�e���Ǘ���,2020/09/07 18:53:52
91,POINT(137.445103286996 34.8394663871849),023,���w��,��ΐ_�Ж{�a,�L���s,"","",�V�X�e���Ǘ���,2015/01/26 15:51:01,�V�X�e���Ǘ���,2020/09/07 18:54:36
92,POINT(136.955014539715 35.1715945332447),024,���w��,������,���É��s�@����,"","",�V�X�e���Ǘ���,2015/01/26 15:51:01,�V�X�e���Ǘ���,2020/09/07 18:54:56
93,POINT(136.945903839291 35.1345287369619),025,���w��,��J�J,���É��s�@�����,"","",�V�X�e���Ǘ���,2015/01/26 15:51:01,�V�X�e���Ǘ���,2020/09/07 18:55:05
94,POINT(136.975005663985 35.2045305145443),028,���w��,���D��,���É��s�@��R��,"","",�V�X�e���Ǘ���,2015/01/26 15:51:01,�V�X�e���Ǘ���,2020/09/07 18:55:19
95,POINT(136.970953709518 35.0666740496953),029,���w��,�Z��i�����Ɓj,���É��s�@�΋�,"","",�V�X�e���Ǘ���,2015/01/26 15:51:01,�V�X�e���Ǘ���,2020/09/07 18:59:54
96,POINT(137.048745016404 34.722424002068),026,���w��,�����_�Ж{�a,�����s�@�i����F���j,"","",�V�X�e���Ǘ���,2015/01/26 15:51:01,�V�X�e���Ǘ���,2020/09/07 19:00:35
97,POINT(137.048777580409 34.7225592607072),027,���w��,�_���Ж{�a,�����s�@�i����F���j,"","",�V�X�e���Ǘ���,2015/01/26 15:51:01,�V�X�e���Ǘ���,2020/09/07 19:01:06
98,POINT(136.991488966395 35.3432497144061),032,���w��,�����É��q���a�@,���R�s,"","",�V�X�e���Ǘ���,2015/01/26 15:51:01,�V�X�e���Ǘ���,2020/09/07 19:01:27
99,POINT(136.723363548517 35.1399222725866),030,���w��,�����Ж{�a,�����s�@�i���������j,"","",�V�X�e���Ǘ���,2015/01/26 15:51:01,�V�X�e���Ǘ���,2020/10/27 17:35:30
100,POINT(136.718672426059 35.1777478779761),033,���w��,�Ó��_�Г��,�Ó��s,"","",�V�X�e���Ǘ���,2015/01/26 15:51:01,�V�X�e���Ǘ���,2020/09/07 19:02:03
101,POINT(136.800345721755 35.2853650453271),035,���w��,���������O,��{�s,"","",�V�X�e���Ǘ���,2015/01/26 15:51:01,�V�X�e���Ǘ���,2020/09/07 19:02:13
102,POINT(137.036340205157 34.8759733223919),037,���w��,�������߉ޓ�,�����s,"","",�V�X�e���Ǘ���,2015/01/26 15:51:01,�V�X�e���Ǘ���,2020/09/07 19:02:29
103,POINT(137.085202118707 34.9004642846879),038,���w��,�{暎��{��,����s,"","",�V�X�e���Ǘ���,2015/01/26 15:51:01,�V�X�e���Ǘ���,2020/09/07 19:02:45
104,POINT(136.82410288732 35.332344665823),039,���w��,�������{���i���n�Ӕ����@���@�j ,��{�s,"","",�V�X�e���Ǘ���,2015/01/26 15:51:01,�V�X�e���Ǘ���,2020/09/07 19:07:43
105,POINT(137.208442403612 35.1988787098886),040,���w��,���R���ƏZ��,�L�c�s�@�i���������j,"","",�V�X�e���Ǘ���,2015/01/26 15:51:01,�V�X�e���Ǘ���,2020/09/07 19:08:07
106,POINT(136.924067243066 35.1491806231221),042,���w��,�����R�ƏZ����{��,���É��s�@���a��,"","",�V�X�e���Ǘ���,2015/01/26 15:51:01,�V�X�e���Ǘ���,2020/09/07 19:08:27
107,POINT(136.949850201886 35.1401969734222),043,���w��,���n�ӉƏ��@�y�ђ���,���É��s�@���a��,"","",�V�X�e���Ǘ���,2015/01/26 15:51:01,�V�X�e���Ǘ���,2020/09/07 19:08:45
108,POINT(136.718670052108 35.1781805593216),044,���w��,�Ó��_��,�Ó��s,"","",�V�X�e���Ǘ���,2015/01/26 15:51:01,�V�X�e���Ǘ���,2020/09/07 19:12:08
109,POINT(137.123164105341 34.8729522834221),045,���w��,�������щe��,�����s,"","",�V�X�e���Ǘ���,2015/01/26 15:51:01,�V�X�e���Ǘ���,2020/09/07 19:12:58
110,POINT(137.318697401352 35.1373297909972),047,���w��,�����s�����x�X,�L�c�s�@�i���������j,"","",�V�X�e���Ǘ���,2015/01/26 15:51:01,�V�X�e���Ǘ���,2020/09/07 19:14:13
111,POINT(137.394085320998 34.7679843289649),085,���w��,�L���n���X�g�X������g�k���g�k�����Ҕn������,�L���s,"","",�V�X�e���Ǘ���,2015/01/26 15:51:01,�V�X�e���Ǘ���,2020/09/05 12:27:50
112,POINT(137.065173129768 34.8064142767701),048,���w��,�����J�D�E�q��Z��,�����S�@�g�ǒ�,"","",�V�X�e���Ǘ���,2015/01/26 15:51:01,�V�X�e���Ǘ���,2020/09/07 19:15:35
113,POINT(136.957556060954 35.1737263594086),051,���w��,���׎������,���É��s�@����,"","",�V�X�e���Ǘ���,2015/01/26 15:51:01,�V�X�e���Ǘ���,2020/09/07 19:15:55
114,POINT(136.892722614146 35.1750934855333),049,���w��,�ɓ��ƏZ��,���É��s�@����,"","",�V�X�e���Ǘ���,2015/01/26 15:51:01,�V�X�e���Ǘ���,2020/09/07 19:16:13
115,POINT(136.971173424474 35.0664941116319),050,���w��,�����K���ƏZ��@�q,���É��s�@�΋�,"","",�V�X�e���Ǘ���,2015/01/26 15:51:01,�V�X�e���Ǘ���,2020/09/07 19:16:29
116,POINT(137.39925933164 34.820946785732),054,���w��,�O�����{��,�L��s,"","",�V�X�e���Ǘ���,2015/01/26 15:51:01,�V�X�e���Ǘ���,2020/09/07 19:16:50
117,POINT(137.061305319426 35.3258791742756),055,���w��,���X�_�ЎГa,�t����s,"","",�V�X�e���Ǘ���,2015/01/26 15:51:01,�V�X�e���Ǘ���,2020/09/07 19:17:04
118,POINT(136.897558721783 35.013202792996),056,���w��,�ϕ����{��,���C�s,"","",�V�X�e���Ǘ���,2015/01/26 15:51:01,�V�X�e���Ǘ���,2020/09/07 19:17:19
119,POINT(137.151993959144 34.9576718383665),0001-0002,���o�^,�������X�{�Ў�����,����s,"","",�V�X�e���Ǘ���,2015/01/26 15:51:01,�V�X�e���Ǘ���,2020/09/07 19:30:13
120,POINT(136.933638512753 35.1835445123464),0003-0004,���o�^,������p�ٖ{��,���É��s�@����,"","",�V�X�e���Ǘ���,2015/01/26 15:51:01,�V�X�e���Ǘ���,2020/09/07 19:30:37
122,POINT(136.897450766971 35.1862098680722),0005,���o�^,�T�ؑq��,���É��s�@����,"","",�V�X�e���Ǘ���,2015/01/26 15:51:02,�V�X�e���Ǘ���,2020/09/07 19:31:18
123,POINT(136.848628377414 34.8817032411754),0006-0007,���o�^,�q�̂���L��E�����فi�|�����p�q�j,�튊�s,"","",�V�X�e���Ǘ���,2015/01/26 15:51:02,�V�X�e���Ǘ���,2020/09/07 19:31:36
124,POINT(136.961426493824 35.1669901608717),0008,���o�^,���m�w�@��w�팳�w�ɑ�1����,���É��s�@����,"","",�V�X�e���Ǘ���,2015/01/26 15:51:02,�V�X�e���Ǘ���,2020/09/07 19:31:59
125,POINT(137.386134958242 34.7401333126482),0009,���o�^,���m��w���{�فi�����R��15�t�c�i�ߕ����Ɂj,�L���s,"","",�V�X�e���Ǘ���,2015/01/26 15:51:02,�V�X�e���Ǘ���,2020/09/07 19:32:20
126,POINT(136.906550492798 35.1802441706355),088,���w��,���m������,���É��s�@����,"","",�V�X�e���Ǘ���,2015/01/26 15:51:02,�V�X�e���Ǘ���,2020/09/05 12:30:03
127,POINT(136.906535607347 35.1814701018637),087,���w��,���É��s����,���É��s�@����,"","",�V�X�e���Ǘ���,2015/01/26 15:51:02,�V�X�e���Ǘ���,2020/09/05 12:30:22
128,POINT(137.57749097603 34.9314662379365),0012,���o�^,��������,�V��s�@�i���P�����j,"","",�V�X�e���Ǘ���,2015/01/26 15:51:02,�V�X�e���Ǘ���,2020/09/09 16:38:58
129,POINT(136.92946533332 35.1800388089902),0013,���o�^,���C�w����u��,���É��s�@����,"","",�V�X�e���Ǘ���,2015/01/26 15:51:02,�V�X�e���Ǘ���,2020/09/09 16:38:46
130,POINT(136.951281562617 35.1425703404313),0014,���o�^,��R�w�����C�l���X��,���É��s�@���a��,"","",�V�X�e���Ǘ���,2015/01/26 15:51:02,�V�X�e���Ǘ���,2020/09/09 16:38:38
131,POINT(137.392206635689 34.7681140343097),0015,���o�^,�L���s���,�L���s,"","",�V�X�e���Ǘ���,2015/01/26 15:51:02,�V�X�e���Ǘ���,2020/09/09 16:38:29
132,POINT(136.918586586082 35.1830188237592),0016,���o�^,����w�@�����w�Z�Č���,���É��s�@����,"","",�V�X�e���Ǘ���,2015/01/26 15:51:02,�V�X�e���Ǘ���,2020/09/09 16:33:44
134,POINT(136.887599676727 35.0934735248637),0020,���o�^,���É��`���㋴�i��1�E2���n�ԉ^�͉����j,���É��s�@�`��,"","",�V�X�e���Ǘ���,2015/01/26 15:51:02,�V�X�e���Ǘ���,2020/09/09 16:32:31
135,POINT(136.986411087039 34.9878375830393),0021,���o�^,���J�s���y�����فi���T�鏬�w�Z�{�فj,���J�s,"","",�V�X�e���Ǘ���,2015/01/26 15:51:02,�V�X�e���Ǘ���,2020/09/09 16:32:19
136,POINT(137.053188634651 34.8741692014356),0022-0023,���o�^,�����s�␣���ɏ��ɁA�����s���}���ق��������,�����s,"","",�V�X�e���Ǘ���,2015/01/26 15:51:02,�V�X�e���Ǘ���,2020/09/09 16:52:18
137,POINT(136.94418289307 35.3831677850436),0024-0032,���o�^,�����ƏZ��,���R�s,"","",�V�X�e���Ǘ���,2015/01/26 15:51:02,�V�X�e���Ǘ���,2020/09/09 16:31:46
138,POINT(136.939877030141 35.38393499565),0033,���o�^,�ԎR��,���R�s,"","",�V�X�e���Ǘ���,2015/01/26 15:51:02,�V�X�e���Ǘ���,2020/09/09 16:31:27
139,POINT(136.950942125628 35.386938938989),0034-0035,���o�^,���։ƏZ��,���R�s,"","",�V�X�e���Ǘ���,2015/01/26 15:51:02,�V�X�e���Ǘ���,2020/09/09 16:31:19
140,POINT(136.892585516815 35.2518506488161),0039-0044,���o�^,�������ƏZ��,�k���É��s�@�i���t��,"","",�V�X�e���Ǘ���,2015/01/26 15:51:02,�V�X�e���Ǘ���,2020/09/09 16:30:51
141,POINT(136.92805067348 35.1794591060656),0045,���o�^,�����������a�i�����É����Ɖ�c���{�فj,���É��s�@����,"","",�V�X�e���Ǘ���,2015/01/26 15:51:02,�V�X�e���Ǘ���,2020/09/09 16:30:27
142,POINT(137.428929668709 35.1718020235721),0046,���o�^,�ɐ����詓�,�L�c�s,"","",�V�X�e���Ǘ���,2015/01/26 15:51:02,�V�X�e���Ǘ���,2020/09/09 16:30:08
143,POINT(137.189597661708 35.1223055949102),0047,���o�^,�����ƏZ��m��,�L�c�s,"","",�V�X�e���Ǘ���,2015/01/26 15:51:02,�V�X�e���Ǘ���,2020/09/07 20:29:56
144,POINT(137.160887004731 35.0874662745179),0048-0049,���o�^,�L�c�s���N���k���i�����m���\�Ǝ�������x���j,���R�s,"","",�V�X�e���Ǘ���,2015/01/26 15:51:02,�V�X�e���Ǘ���,2020/09/07 20:29:44
145,POINT(137.376370331487 34.7655550169544),0050-0052,���o�^,�H�c�����{,�L���s,"","",�V�X�e���Ǘ���,2015/01/26 15:51:02,�V�X�e���Ǘ���,2020/09/07 20:29:27
146,POINT(136.892229847322 35.1681782904726),0053,���o�^,����������r��,���É��s�@����,"","",�V�X�e���Ǘ���,2015/01/26 15:51:02,�V�X�e���Ǘ���,2020/09/07 20:29:00
147,POINT(136.908228724338 35.1252233923056),0054,���o�^,�����q�i�����ƏZ��j,���É��s�@�M�c��,"","",�V�X�e���Ǘ���,2015/01/26 15:51:02,�V�X�e���Ǘ���,2020/09/07 20:28:50
148,POINT(136.907974143973 35.1259259816095),0055,���o�^,���e�t�i�����É������ٕi�]���j,���É��s�@�M�c��,"","",�V�X�e���Ǘ���,2015/01/26 15:51:02,�V�X�e���Ǘ���,2020/09/07 20:28:39
149,POINT(136.855959892273 35.3354157364018),"0056-0057,0493",���o�^,��w��,�]��s,"","",�V�X�e���Ǘ���,2015/01/26 15:51:02,�V�X�e���Ǘ���,2020/12/10 18:38:29
150,POINT(136.736626779967 35.3061223571185),0058,���o�^,���щƏZ��剮�y�ї����~,��{�s�@�i�������s�j,"","",�V�X�e���Ǘ���,2015/01/26 15:51:02,�V�X�e���Ǘ���,2020/09/09 17:40:04
153,POINT(136.988689493457 35.3405503757705),0063,���o�^,�������攪�����w�Z����,���R�s,"","",�V�X�e���Ǘ���,2015/01/26 15:51:02,�V�X�e���Ǘ���,2020/09/07 20:19:21
154,POINT(136.988371113932 35.3402524375483),0064,���o�^,��������䋍���X,���R�s,"","",�V�X�e���Ǘ���,2015/01/26 15:51:02,�V�X�e���Ǘ���,2020/09/07 20:19:11
155,POINT(136.988008454728 35.3400806320476),0065,���o�^,�������O�d���q��t�͊w�Z�E�������w�Z,���R�s,"","",�V�X�e���Ǘ���,2015/01/26 15:51:02,�V�X�e���Ǘ���,2020/09/07 20:18:54
156,POINT(136.988115012646 35.3398530674524),0066,���o�^,�������߉q�ǖ{���t���Ɂi�c�{�x�@�≺��q���ʊفj,���R�s,"","",�V�X�e���Ǘ���,2015/01/26 15:51:02,�V�X�e���Ǘ���,2020/10/27 17:55:11
157,POINT(136.98831721768 35.3397475620257),0067,���o�^,�������ԍ◣�{���口��,���R�s,"","",�V�X�e���Ǘ���,2015/01/26 15:51:02,�V�X�e���Ǘ���,2020/09/07 20:17:24
158,POINT(136.989801865577 35.3399750986347),0068,���o�^,�������w�K�@������,���R�s,"","",�V�X�e���Ǘ���,2015/01/26 15:51:02,�V�X�e���Ǘ���,2020/09/07 20:17:06
159,POINT(136.990582099977 35.3403638488766),0069,���o�^,�������X���O�E�Ėڟ��ΏZ��,���R�s,"","",�V�X�e���Ǘ���,2015/01/26 15:51:02,�V�X�e���Ǘ���,2020/09/07 20:16:50
160,POINT(136.990980266878 35.3393818787313),0070,���o�^,�����������ӊw�Z�Ԋ�,���R�s,"","",�V�X�e���Ǘ���,2015/01/26 15:51:02,�V�X�e���Ǘ���,2020/09/07 20:16:33
161,POINT(136.989492517508 35.3405785980111),0071,���o�^,��������d�����d��,���R�s,"","",�V�X�e���Ǘ���,2015/01/26 15:51:02,�V�X�e���Ǘ���,2020/09/07 20:16:20
162,POINT(136.989317011358 35.3403439710908),0072,���o�^,�������S���ǐV���H��,���R�s,"","",�V�X�e���Ǘ���,2015/01/26 15:51:02,�V�X�e���Ǘ���,2020/09/07 20:16:07
163,POINT(136.98984503746 35.3413627547106),0073,���o�^,�������瑁�ԍ㏬�w�Z�u��,���R�s,"","",�V�X�e���Ǘ���,2015/01/26 15:51:02,�V�X�e���Ǘ���,2020/10/27 17:55:43
164,POINT(136.989105761836 35.3413622671118),0074,���o�^,��������l�����w�Z�������w����,���R�s,"","",�V�X�e���Ǘ���,2015/01/26 15:51:02,�V�X�e���Ǘ���,2020/09/07 20:15:42
165,POINT(136.988962590694 35.3417718969789),0075,���o�^,������������@,���R�s,"","",�V�X�e���Ǘ���,2015/01/26 15:51:02,�V�X�e���Ǘ���,2020/10/27 17:55:55
166,POINT(136.989974212848 35.3416610086232),0076,���o�^,���������s�����,���R�s,"","",�V�X�e���Ǘ���,2015/01/26 15:51:02,�V�X�e���Ǘ���,2020/09/07 20:15:13
167,POINT(136.990107893944 35.341647185384),0077,���o�^,���������c��s��Îx�X,���R�s,"","",�V�X�e���Ǘ���,2015/01/26 15:51:02,�V�X�e���Ǘ���,2020/10/27 17:56:02
168,POINT(136.990684568882 35.3417128230895),0078,���o�^,���������s���������h�o��,���R�s,"","",�V�X�e���Ǘ���,2015/01/26 15:51:02,�V�X�e���Ǘ���,2020/10/27 17:56:16
169,POINT(136.991628706455 35.3415749838463),0079,���o�^,�������k���������{��,���R�s,"","",�V�X�e���Ǘ���,2015/01/26 15:51:02,�V�X�e���Ǘ���,2020/10/27 17:56:24
170,POINT(136.992913159109 35.340917088919),0080,���o�^,�������K�c�I���Z��嗋���,���R�s,"","",�V�X�e���Ǘ���,2015/01/26 15:51:02,�V�X�e���Ǘ���,2020/09/07 20:14:20
171,POINT(136.993374862657 35.3410800075107),089,���w��,���������Ƌ��Õʓ@�i�������j ,���R�s,"","",�V�X�e���Ǘ���,2015/01/26 15:51:02,�V�X�e���Ǘ���,2020/09/05 12:31:47
172,POINT(136.993308489554 35.3412511824056),0084,���o�^,�������������y��,���R�s,"","",�V�X�e���Ǘ���,2015/01/26 15:51:02,�V�X�e���Ǘ���,2020/09/07 20:13:56
173,POINT(136.992548704147 35.3418222191468),0085-0086,���o�^,���������苏���n��\�ܔԊ�,���R�s,"","",�V�X�e���Ǘ���,2015/01/26 15:51:02,�V�X�e���Ǘ���,2020/10/27 17:56:54
174,POINT(136.992806196213 35.342152594341),0087-0088,���o�^,�������_�ˎR�萼�m�l�Z��,���R�s,"","",�V�X�e���Ǘ���,2015/01/26 15:51:02,�V�X�e���Ǘ���,2020/10/27 17:57:10
175,POINT(136.992897391319 35.342402015778),0089,���o�^,�������@����w�Ԋ�,���R�s,"","",�V�X�e���Ǘ���,2015/01/26 15:51:02,�V�X�e���Ǘ���,2020/10/27 17:57:15
176,POINT(136.990433859386 35.3427704276308),0090-0091,���o�^,��������l�����w�Z���p���ꖳ����,���R�s,"","",�V�X�e���Ǘ���,2015/01/26 15:51:02,�V�X�e���Ǘ���,2020/09/07 20:12:49
177,POINT(136.991060492851 35.3429786664088),0092-0093,���o�^,���������{�ԏ\���В����a�@,���R�s,"","",�V�X�e���Ǘ���,2015/01/26 15:51:02,�V�X�e���Ǘ���,2020/09/07 20:12:28
178,POINT(136.990894865593 35.3432578662114),0094,���o�^,������������Z�A������,���R�s,"","",�V�X�e���Ǘ���,2015/01/26 15:51:02,�V�X�e���Ǘ���,2020/09/09 16:37:19
179,POINT(136.992105147656 35.3432055347265),0095,���o�^,�������V�A�g�����n��������,���R�s,"","",�V�X�e���Ǘ���,2015/01/26 15:51:02,�V�X�e���Ǘ���,2020/09/07 20:11:49
180,POINT(136.99153234992 35.3435382319905),0096,���o�^,�������u���W���ږ��Z��,���R�s,"","",�V�X�e���Ǘ���,2015/01/26 15:51:02,�V�X�e���Ǘ���,2020/09/07 20:11:15
181,POINT(136.991564751615 35.3438177194295),0097,���o�^,�������n���C�ږ��W�,���R�s,"","",�V�X�e���Ǘ���,2015/01/26 15:51:02,�V�X�e���Ǘ���,2020/09/07 20:11:34
182,POINT(136.991278515659 35.34390744656),0098,���o�^,�������Z����S��,���R�s,"","",�V�X�e���Ǘ���,2015/01/26 15:51:02,�V�X�e���Ǘ���,2020/09/07 20:10:52
183,POINT(136.990442785996 35.3437259469178),0099,���o�^,�������S�����V���H��,���R�s,"","",�V�X�e���Ǘ���,2015/01/26 15:51:02,�V�X�e���Ǘ���,2020/09/07 20:10:40
184,POINT(136.990353422119 35.3443477970249),0100,���o�^,�������H���ȕi��Ɏq������,���R�s,"","",�V�X�e���Ǘ���,2015/01/26 15:51:02,�V�X�e���Ǘ���,2020/09/07 20:10:24
185,POINT(136.989681357954 35.3447885110979),0101,���o�^,�������{����V��,���R�s,"","",�V�X�e���Ǘ���,2015/01/26 15:51:02,�V�X�e���Ǘ���,2020/09/07 20:10:11
186,POINT(136.989615170673 35.3448695420412),0102,���o�^,���������򔪉_�����̉�,���R�s,"","",�V�X�e���Ǘ���,2015/01/26 15:51:02,�V�X�e���Ǘ���,2020/09/07 20:09:58
187,POINT(136.989614600324 35.3451309532198),0103,���o�^,���������c����,���R�s,"","",�V�X�e���Ǘ���,2015/01/26 15:51:02,�V�X�e���Ǘ���,2020/09/07 20:09:47
188,POINT(136.989701926379 35.3454465783379),0104,���o�^,���������U�r�G���V�哰,���R�s,"","",�V�X�e���Ǘ���,2015/01/26 15:51:02,�V�X�e���Ǘ���,2020/09/07 20:09:34
189,POINT(136.989546641933 35.3460232601063),0105,���o�^,���������ߍ���������,���R�s,"","",�V�X�e���Ǘ���,2015/01/26 15:51:02,�V�X�e���Ǘ���,2020/09/07 20:09:17
190,POINT(136.989381338016 35.3461492166579),0106,���o�^,�������V���ዾ��,���R�s,"","",�V�X�e���Ǘ���,2015/01/26 15:51:02,�V�X�e���Ǘ���,2020/09/07 20:09:01
191,POINT(136.989908545494 35.3465556279768),0107,���o�^,���������c��V�勴,���R�s,"","",�V�X�e���Ǘ���,2015/01/26 15:51:02,�V�X�e���Ǘ���,2020/09/07 20:08:43
192,POINT(136.990502709658 35.3465294527406),0108,���o�^,����������s�{�X,���R�s,"","",�V�X�e���Ǘ���,2015/01/26 15:51:02,�V�X�e���Ǘ���,2020/09/07 20:08:27
193,POINT(136.990976359486 35.3462687301374),0109,���o�^,�������喾�����p�E�����,���R�s,"","",�V�X�e���Ǘ���,2015/01/26 15:51:02,�V�X�e���Ǘ���,2020/09/07 20:08:16
194,POINT(136.990172043378 35.3468084107384),0110,���o�^,�������c������΋����d��,���R�s,"","",�V�X�e���Ǘ���,2015/01/26 15:51:02,�V�X�e���Ǘ���,2020/09/07 20:08:02
195,POINT(136.990050452535 35.3470696450729),0111,���o�^,���������t����,���R�s,"","",�V�X�e���Ǘ���,2015/01/26 15:51:02,�V�X�e���Ǘ���,2020/09/07 20:07:48
196,POINT(136.989095051981 35.3462569669053),0112,���o�^,�����������w�x�������h�o��,���R�s,"","",�V�X�e���Ǘ���,2015/01/26 15:51:02,�V�X�e���Ǘ���,2020/09/07 20:07:28
197,POINT(136.988963265928 35.3461486027723),0113,���o�^,�������O���č��G���[,���R�s,"","",�V�X�e���Ǘ���,2015/01/26 15:51:02,�V�X�e���Ǘ���,2020/09/07 20:07:15
199,POINT(136.988841731459 35.3463827933825),0114-0116,���o�^,����������č�,���R�s,"","",�V�X�e���Ǘ���,2015/01/26 15:51:02,�V�X�e���Ǘ���,2020/09/09 17:45:41
200,POINT(136.988610394264 35.3465176659141),0117,���o�^,�������{�Íٔ����@��,���R�s,"","",�V�X�e���Ǘ���,2015/01/26 15:51:02,�V�X�e���Ǘ���,2020/09/07 20:04:51
201,POINT(136.989008733921 35.3454816183577),0118,���o�^,�������e�̐���,���R�s,"","",�V�X�e���Ǘ���,2015/01/26 15:51:02,�V�X�e���Ǘ���,2020/09/07 20:04:37
202,POINT(136.988247627329 35.346381917929),0119,���o�^,���������c���F�ʐ^��,���R�s,"","",�V�X�e���Ǘ���,2015/01/26 15:51:02,�V�X�e���Ǘ���,2020/09/07 20:04:21
203,POINT(136.989192373676 35.3470323314504),0120,���o�^,���������S��q�ϓd��,���R�s,"","",�V�X�e���Ǘ���,2015/01/26 15:51:02,�V�X�e���Ǘ���,2020/09/07 20:03:57
204,POINT(136.988729972704 35.3471758789241),0121,���o�^,�������鍑�z�e����������,���R�s,"","",�V�X�e���Ǘ���,2015/01/26 15:51:02,�V�X�e���Ǘ���,2020/09/07 20:03:43
205,POINT(136.933422514784 34.8930018153991),0122-0129,���o�^,���I�ƏZ��,���c�s,"","",�V�X�e���Ǘ���,2015/01/26 15:51:02,�V�X�e���Ǘ���,2020/09/07 20:02:16
206,POINT(137.313763934877 34.8091713675537),0130-0132,���o�^,�������@�f�Ó�,�L��s�@�i����Ò��j,"","",�V�X�e���Ǘ���,2015/01/26 15:51:02,�V�X�e���Ǘ���,2020/09/07 20:01:40
207,POINT(137.019966031813 35.2185296115355),0133,���o�^,���T�i�b�N�{��(�������퐻���{�Ў�����),�������s,"","",�V�X�e���Ǘ���,2015/01/26 15:51:02,�V�X�e���Ǘ���,2020/09/07 20:01:22
208,POINT(136.928988765106 34.9014942421148),0134-0136,���o�^,���c�ԃ����K����(���J�u�g�r�[���H��),���c�s,"","",�V�X�e���Ǘ���,2015/01/26 15:51:02,�V�X�e���Ǘ���,2020/09/07 20:01:00
209,POINT(137.324658000394 34.8361035099136),0137,���o�^,����ƏZ��剮,�L��s,"","",�V�X�e���Ǘ���,2015/01/26 15:51:02,�V�X�e���Ǘ���,2020/09/07 20:00:36
210,POINT(136.939398865787 35.3817436607574),0138-0140,���o�^,���؉ƏZ��,���R�s,"","",�V�X�e���Ǘ���,2015/01/26 15:51:02,�V�X�e���Ǘ���,2020/09/07 20:00:15
211,POINT(136.943577737455 35.3830855419234),0141-0143,���o�^,�~�c�ƏZ��,���R�s,"","",�V�X�e���Ǘ���,2015/01/26 15:51:02,�V�X�e���Ǘ���,2020/09/07 20:00:00
212,POINT(136.941111318707 35.3833964577147),0144-0146,���o�^,�O��ƏZ��,���R�s,"","",�V�X�e���Ǘ���,2015/01/26 15:51:02,�V�X�e���Ǘ���,2020/09/07 19:59:48
213,POINT(136.939568531233 35.3840425858695),0147,���o�^,�R�c�ƏZ��剮,���R�s,"","",�V�X�e���Ǘ���,2015/01/26 15:51:02,�V�X�e���Ǘ���,2020/09/07 19:59:31
214,POINT(136.939217066107 35.3837715005455),0148-0149,���o�^,���ƏZ��,���R�s,"","",�V�X�e���Ǘ���,2015/01/26 15:51:02,�V�X�e���Ǘ���,2020/09/07 19:59:11
215,POINT(136.939231994507 35.3823743367572),0152,���o�^,���ƏZ�,���R�s,"","",�V�X�e���Ǘ���,2015/01/26 15:51:02,�V�X�e���Ǘ���,2020/09/07 19:58:56
216,POINT(136.900900891431 35.1753821383137),0156-0160,���o�^,�����͕�,���É��s�@����,"","",�V�X�e���Ǘ���,2015/01/26 15:51:02,�V�X�e���Ǘ���,2020/09/07 19:57:42
217,POINT(136.918748816763 35.1802156660223),0161-0162,���o�^,������z�@,���É��s�@����,"","",�V�X�e���Ǘ���,2015/01/26 15:51:02,�V�X�e���Ǘ���,2020/09/07 19:57:18
218,POINT(136.980774658255 34.8741161151849),0163,���o�^,��d���ґ呠,�ɓ�s,"","",�V�X�e���Ǘ���,2015/01/26 15:51:02,�V�X�e���Ǘ���,2020/09/07 19:57:00
219,POINT(136.9395866363 35.3815096460687),0168-0172,���o�^,���镔�ƏZ��,���R�s,"","",�V�X�e���Ǘ���,2015/01/26 15:51:02,�V�X�e���Ǘ���,2020/09/07 19:56:03
220,POINT(136.940342143541 35.3829262840095),0173-0179,���o�^,�����ƏZ��,���R�s,"","",�V�X�e���Ǘ���,2015/01/26 15:51:02,�V�X�e���Ǘ���,2020/09/07 19:55:45
221,POINT(136.939474901794 35.3821043694731),0180,���o�^,�����ƏZ��剮,���R�s,"","",�V�X�e���Ǘ���,2015/01/26 15:51:02,�V�X�e���Ǘ���,2020/09/07 19:55:06
222,POINT(136.939614554596 35.3833305552754),0181-0182,���o�^,�ɓ��ƏZ��,���R�s,"","",�V�X�e���Ǘ���,2015/01/26 15:51:02,�V�X�e���Ǘ���,2020/09/07 19:54:48
223,POINT(137.538182641725 34.9410673094871),0183-0185,���o�^,���ƏZ��,�V��s,"","",�V�X�e���Ǘ���,2015/01/26 15:51:02,�V�X�e���Ǘ���,2020/09/07 19:54:31
224,POINT(136.842887215333 35.1868244880725),0186-0187,���o�^,������,���܎s�@�i���r�ڎ����j,"","",�V�X�e���Ǘ���,2015/01/26 15:51:02,�V�X�e���Ǘ���,2020/09/07 19:51:26
225,POINT(136.908354256074 35.1723153214295),0188,���o�^,���É��e���r��,���É��s�@����,"","",�V�X�e���Ǘ���,2015/01/26 15:51:02,�V�X�e���Ǘ���,2020/09/07 19:49:37
226,POINT(136.934335703539 35.0618407065971),0189-0195,���o�^,�t�]�@,���É��s�@�΋�,"","",�V�X�e���Ǘ���,2015/01/26 15:51:02,�V�X�e���Ǘ���,2020/09/07 19:49:22
227,POINT(136.963624122808 35.3951637794424),0196-0199,���o�^,����@,���R�s,"","",�V�X�e���Ǘ���,2015/01/26 15:51:02,�V�X�e���Ǘ���,2020/09/07 19:49:08
228,POINT(136.922005864231 35.3533421297349),0200-0204,���o�^,�o����,�O�H�S�@�}�K��,"","",�V�X�e���Ǘ���,2015/01/26 15:51:02,�V�X�e���Ǘ���,2020/09/07 19:48:53
229,POINT(136.789943205168 35.1313498010712),0205-0208,���o�^,�Ë�����,�C���S�@�I�]��,"","",�V�X�e���Ǘ���,2015/01/26 15:51:02,�V�X�e���Ǘ���,2020/09/07 19:48:40
230,POINT(137.144992845054 35.2223124594502),0209,���o�^,�_�������O,���ˎs,"","",�V�X�e���Ǘ���,2015/01/26 15:51:02,�V�X�e���Ǘ���,2020/09/07 19:48:26
231,POINT(137.099396512472 35.031520892778),0210-0212,���o�^,��Ǝ�,�L�c�s,"","",�V�X�e���Ǘ���,2015/01/26 15:51:02,�V�X�e���Ǘ���,2020/09/07 19:48:08
232,POINT(136.723421094472 35.1787208724895),0213,���o�^,���Ó��M�p����,�Ó��s,"","",�V�X�e���Ǘ���,2015/01/26 15:51:02,�V�X�e���Ǘ���,2020/09/07 19:47:51
233,POINT(136.77824134621 35.344366123453),0220-0221,���o�^,�ؑ]�쎑����,��{�s,"","",�V�X�e���Ǘ���,2015/01/26 15:51:02,�V�X�e���Ǘ���,2020/09/07 19:47:35
234,POINT(136.802093157747 35.3075543520168),"0222,0251-0252",���o�^,�^���c�_��,��{�s,"","",�V�X�e���Ǘ���,2015/01/26 15:51:02,�V�X�e���Ǘ���,2020/09/07 19:47:13
235,POINT(136.94891948603 35.3531412148062),"0062,0223-0224",���o�^,���T��,���R�s,"","",�V�X�e���Ǘ���,2015/01/26 15:51:02,�V�X�e���Ǘ���,2020/09/07 20:20:07
236,POINT(136.859202866756 35.1929697618531),0225,���o�^,�ēc�ƏZ��剮,���{�s,"","",�V�X�e���Ǘ���,2015/01/26 15:51:02,�V�X�e���Ǘ���,2020/09/07 19:46:17
237,POINT(136.952268354523 35.1680199770481),0226-0227,���o�^,�����t,���É��s�@����,"","",�V�X�e���Ǘ���,2015/01/26 15:51:02,�V�X�e���Ǘ���,2020/09/07 19:45:59
238,POINT(136.940620055663 35.3819442627381),0228,���o�^,�쑺�ƏZ��,���R�s,"","",�V�X�e���Ǘ���,2015/01/26 15:51:02,�V�X�e���Ǘ���,2020/09/07 19:45:40
239,POINT(136.940998940008 35.3842255487972),0229-0232,���o�^,�{�c�ƏZ��,���R�s,"","",�V�X�e���Ǘ���,2015/01/26 15:51:02,�V�X�e���Ǘ���,2020/09/07 19:45:29
240,POINT(136.907543604966 35.1683021592735),0233,���o�^,�I���G���^���r������ϗ���,���É��s�@����,"","",�V�X�e���Ǘ���,2015/01/26 15:51:02,�V�X�e���Ǘ���,2020/09/07 19:45:14
241,POINT(136.933679913697 35.0649855498442),0234-0245,���o�^,�ݏ����,���É��s�@�΋�,"","",�V�X�e���Ǘ���,2015/01/26 15:51:02,�V�X�e���Ǘ���,2020/09/07 19:44:59
242,POINT(136.919794599336 35.1575194012276),0246-0247,���o�^,���É���w��w�������a�@��y�ъO��,���É��s�@���a��,"","",�V�X�e���Ǘ���,2015/01/26 15:51:02,�V�X�e���Ǘ���,2020/09/07 19:44:41
243,POINT(137.122733208172 34.9221193254949),0249-0250,���o�^,�{����,����s,"","",�V�X�e���Ǘ���,2015/01/26 15:51:02,�V�X�e���Ǘ���,2020/09/07 19:43:20
244,POINT(136.759421577638 35.3062823938944),0253,���o�^,���N���q�포�w�Z����a,��{�s,"","",�V�X�e���Ǘ���,2015/01/26 15:51:02,�V�X�e���Ǘ���,2020/09/07 19:42:31
245,POINT(137.2455006046 34.8155181992878),0254,���o�^,�O�J���k��R�ԑ�,���S�s,"","",�V�X�e���Ǘ���,2015/01/26 15:51:02,�V�X�e���Ǘ���,2020/09/07 19:42:15
246,POINT(137.235957194644 35.1397671497173),0255-0256,���o�^,���S�O�͐����������w,�L�c�s,"","",�V�X�e���Ǘ���,2015/01/26 15:51:02,�V�X�e���Ǘ���,2020/09/07 19:41:34
247,POINT(137.218559530655 35.1512242865903),0257-0258,���o�^,���S�O�͐����O�͍L���w��,�L�c�s,"","",�V�X�e���Ǘ���,2015/01/26 15:51:02,�V�X�e���Ǘ���,2020/09/07 19:41:54
248,POINT(136.816314224406 35.2559536942646),002,���w��,�ݓ�������,���s,"","",�V�X�e���Ǘ���,2015/01/26 15:51:02,�V�X�e���Ǘ���,2020/09/05 11:28:43
250,POINT(137.083618818503 34.8427767163142),0059,���o�^,�Ԋx���{��,�����s�@�i���g�ǒ��j,"","",�V�X�e���Ǘ���,2015/01/26 15:51:02,�V�X�e���Ǘ���,2020/09/09 16:49:50
251,POINT(137.005392951468 35.2111553220807),0303,���o�^,�ǂ�������i�����ƏZ���j,�������s,"","",�V�X�e���Ǘ���,2015/01/26 15:51:02,�V�X�e���Ǘ���,2020/09/09 16:41:38
252,POINT(137.400734729129 34.828543576309),0259-0260,���o�^,�g���e�b�N�{��,�L��s,"","",�V�X�e���Ǘ���,2015/01/26 15:51:02,�V�X�e���Ǘ���,2020/09/09 16:45:06
253,POINT(137.355025845676 34.8383500796287),0261,���o�^,���L��d�b���א��֗p�E,�L��s,"","",�V�X�e���Ǘ���,2015/01/26 15:51:02,�V�X�e���Ǘ���,2020/09/09 16:44:53
254,POINT(136.937513484197 35.3828848957713),0262-0263,���o�^,��O��,���R�s,"","",�V�X�e���Ǘ���,2015/01/26 15:51:02,�V�X�e���Ǘ���,2020/09/09 16:44:44
255,POINT(136.942266770703 35.3834977647594),0271,���o�^,�����ƏZ��剮,���R�s,"","",�V�X�e���Ǘ���,2015/01/26 15:51:02,�V�X�e���Ǘ���,2020/09/09 16:44:19
256,POINT(136.941820613722 35.3816490360948),0272,���o�^,�򐾎��{��,���R�s,"","",�V�X�e���Ǘ���,2015/01/26 15:51:02,�V�X�e���Ǘ���,2020/09/09 16:43:34
257,POINT(136.970469988086 35.0672141453354),0278-282,���o�^,���_�ƏZ��,���É��s�΋�,"","",�V�X�e���Ǘ���,2015/01/26 15:51:02,�V�X�e���Ǘ���,2020/09/09 16:43:04
258,POINT(137.167936844843 34.957898087939),0283,���o�^,����M�p���Ɏ����فi�������s�{�X�j,����s,"","",�V�X�e���Ǘ���,2015/01/26 15:51:02,�V�X�e���Ǘ���,2020/09/09 16:42:53
259,POINT(136.992250978947 35.3414458960879),0284,���o�^,�������Ő�ƏZ��剮,���R�s,"","",�V�X�e���Ǘ���,2015/01/26 15:51:02,�V�X�e���Ǘ���,2020/10/27 17:56:46
260,POINT(136.717278957367 35.1545562408253),0285-0288,���o�^,��؉ƏZ��,�����s,"","",�V�X�e���Ǘ���,2015/01/26 15:51:02,�V�X�e���Ǘ���,2020/10/27 17:38:33
261,POINT(137.384656858389 34.7719501686644),0304,���o�^,���z���ٓV��,�L���s,"","",�V�X�e���Ǘ���,2015/01/26 15:51:02,�V�X�e���Ǘ���,2020/09/09 16:41:21
262,POINT(136.781763768548 35.2905806762571),0305-0307,���o�^,�X��ƏZ��,��{�s,"","",�V�X�e���Ǘ���,2015/01/26 15:51:02,�V�X�e���Ǘ���,2020/09/09 16:41:07
263,POINT(136.745476174578 35.3130133023254),0308,���o�^,�n���,��{�s,"","",�V�X�e���Ǘ���,2015/01/26 15:51:02,�V�X�e���Ǘ���,2020/09/09 16:40:51
264,POINT(136.92366336858 35.1816499069006),0309,���o�^,���É���������,���É��s,"","",�V�X�e���Ǘ���,2015/01/26 15:51:02,�V�X�e���Ǘ���,2020/09/09 16:40:41
265,POINT(136.726502070875 35.1774610802605),0310,���o�^,���򎛏��@�i�������ƏZ��@�j,�Ó��s,"","",�V�X�e���Ǘ���,2015/01/26 15:51:02,�V�X�e���Ǘ���,2020/09/09 16:38:07
266,POINT(137.606848484766 34.9498706705477),0311-0312,���o�^,������s�i���h�P���فj,�V��s,"","",�V�X�e���Ǘ���,2015/01/26 15:51:02,�V�X�e���Ǘ���,2020/09/09 16:37:51
267,POINT(136.924307053709 34.845042730675),0313,���o�^,�����S���L�`�w�]�ԑ�,���L��,"","",�V�X�e���Ǘ���,2015/01/26 15:51:02,�V�X�e���Ǘ���,2020/09/09 16:36:32
268,POINT(136.970855784711 35.0663583799821),0314,���o�^,�I���ƏZ��剮,���É��s,"","",�V�X�e���Ǘ���,2015/01/26 15:51:02,�V�X�e���Ǘ���,2020/09/09 16:36:22
269,POINT(136.732505857944 35.1726309584765),"0315,0318",���o�^,�ɓ��ƏZ��,�Ó��s,"","",�V�X�e���Ǘ���,2015/01/26 15:51:02,�V�X�e���Ǘ���,2020/10/27 17:49:23
270,POINT(137.10547594816 35.2264365447838),0321,���o�^,���ˉi�򋳉��q��,���ˎs,"","",�V�X�e���Ǘ���,2015/01/26 15:51:02,�V�X�e���Ǘ���,2020/09/09 16:46:26
271,POINT(137.394926985505 34.7681540400299),0322-0326,���o�^,���v���_�ː_����,�L���s,"","",�V�X�e���Ǘ���,2015/01/26 15:51:02,�V�X�e���Ǘ���,2020/09/09 16:46:49
272,POINT(136.739486325841 35.3123072127664),0327-0328,���o�^,������,��{�s,"","",�V�X�e���Ǘ���,2015/01/26 15:51:02,�V�X�e���Ǘ���,2020/09/09 16:47:49
273,POINT(137.317171096802 35.1357734010994),086,���w��,����؉ƏZ��i���m���L�c�s�������j ,�L�c�s,"","",�V�X�e���Ǘ���,2020/09/05 12:29:03,�V�X�e���Ǘ���,""
274,POINT(136.873890924956 34.7345399017217),090,���w��,�����c�ƏZ��,�m���S�@��m����,"","",�V�X�e���Ǘ���,2020/09/05 12:34:02,�V�X�e���Ǘ���,""
275,POINT(137.164941713566 34.9730063065738),041,���w��,��?��������,����s,"","",�V�X�e���Ǘ���,2020/09/07 19:24:14,�V�X�e���Ǘ���,""
276,POINT(137.044953355688 35.0840601978498),053,���w��,�S�������g��,���m�S�@������,"","",�V�X�e���Ǘ���,2020/09/07 19:26:03,�V�X�e���Ǘ���,""
277,POINT(136.945245328959 35.1969400541677),0036-0039,���o�^,���ꎛ,���É��s����,"","",�V�X�e���Ǘ���,2020/09/09 16:57:38,�V�X�e���Ǘ���,""
278,POINT(136.939553100313 35.3808073957774),0164-0167,���o�^,�ܖ�ƏZ��,���R�s,"","",�V�X�e���Ǘ���,2020/09/09 17:52:02,�V�X�e���Ǘ���,2020/09/09 17:56:17
279,POINT(136.939605666976 35.3788598418172),0214-0219,���o�^,�x���ƏZ��,���R�s,"","",�V�X�e���Ǘ���,2020/09/09 17:54:08,�V�X�e���Ǘ���,2020/09/09 17:56:47
280,POINT(136.937660943567 35.3835175952265),"0267,0270",���o�^,�햞��,���R�s,"","",�V�X�e���Ǘ���,2020/09/09 17:55:52,�V�X�e���Ǘ���,""
281,POINT(136.933846625418 35.3815432827948),0273-0277,���o�^,���@��,���R�s,"","",�V�X�e���Ǘ���,2020/09/09 17:59:34,�V�X�e���Ǘ���,""
282,POINT(137.045907899513 34.9247572133612),0289-0302,���o�^,�_�J�ƏZ��,����s,"","",�V�X�e���Ǘ���,2020/09/09 18:01:24,�V�X�e���Ǘ���,""
283,POINT(136.870594826262 35.3380847541129),0329,���o�^,������{��,�]��s,"","",�V�X�e���Ǘ���,2020/09/09 18:17:26,�V�X�e���Ǘ���,""
284,POINT(136.79135923613 35.1303115321131),0330-0332,���o�^,�R���ƏZ��,�C���S�@�I�]��,"","",�V�X�e���Ǘ���,2020/09/09 18:19:56,�V�X�e���Ǘ���,""
285,POINT(136.968099901248 35.1533460546279),0333,���o�^,���É���w�L�c�u��,���É��s����,"","",�V�X�e���Ǘ���,2020/09/18 17:30:04,�V�X�e���Ǘ���,""
286,POINT(136.914327508267 35.1807513255802),0334-0336,���o�^,�J�g���b�N��Œ�����,���É��s����,"","",�V�X�e���Ǘ���,2020/09/18 17:31:48,�V�X�e���Ǘ���,""
287,POINT(136.925631958178 35.1936039756908),0337,���o�^,�Ό��ƏZ��,���É��s�k��,"","",�V�X�e���Ǘ���,2020/09/18 17:32:47,�V�X�e���Ǘ���,""
288,POINT(137.168766790126 34.961728791348),0338-0340,���o�^,���Ό��ƏZ��,����s,"","",�V�X�e���Ǘ���,2020/09/18 17:33:52,�V�X�e���Ǘ���,""
289,POINT(136.921725146598 35.168609506896),0341-0344,���o�^,�_�J�ƏZ��,���É��s����,"","",�V�X�e���Ǘ���,2020/09/18 17:46:02,�V�X�e���Ǘ���,""
290,POINT(136.932126386868 35.1861447067254),0345,���o�^,���{�������[�e����������,���É��s����,"","",�V�X�e���Ǘ���,2020/09/18 17:47:05,�V�X�e���Ǘ���,""
291,POINT(136.939956515154 35.3776194365957),0346-0350,���o�^,������,���R�s,"","",�V�X�e���Ǘ���,2020/09/18 17:48:11,�V�X�e���Ǘ���,""
292,POINT(136.941885901731 35.3822067375729),0351-0355,���o�^,������,���R�s,"","",�V�X�e���Ǘ���,2020/09/18 17:53:20,�V�X�e���Ǘ���,""
293,POINT(136.938151903219 35.3788964686305),0356-0358,���o�^,�ˉ_��,���R�s,"","",�V�X�e���Ǘ���,2020/09/18 17:55:07,�V�X�e���Ǘ���,""
294,POINT(137.162722413745 34.9203541719375),0359,���o�^,�����m�����q�풆�w�Z�u��,����s,"","",�V�X�e���Ǘ���,2020/09/18 17:56:55,�V�X�e���Ǘ���,""
295,POINT(137.225663564777 35.1413949731578),0360-0364,���o�^,�@�ӎ�,�L�c�s,"","",�V�X�e���Ǘ���,2020/09/18 17:58:06,�V�X�e���Ǘ���,""
296,POINT(136.93895890534 35.3829943535305),0365,���o�^,�哇�ƏZ���,���R�s,"","",�V�X�e���Ǘ���,2020/09/18 18:00:25,�V�X�e���Ǘ���,""
297,POINT(136.945713004383 35.3459745815211),0366-0370,���o�^,�g��ƏZ��,���R�s,"","",�V�X�e���Ǘ���,2020/09/18 18:01:53,�V�X�e���Ǘ���,""
298,POINT(136.952035063746 35.3505922647426),0371,���o�^,�����ΌS��s�H���x�X,���R�s,"","",�V�X�e���Ǘ���,2020/09/18 19:38:54,�V�X�e���Ǘ���,""
299,POINT(136.867292753162 34.9647747179904),0372,���o�^,�m�����c�Ȉ՗X�֋�,�m���s,"","",�V�X�e���Ǘ���,2020/09/18 19:39:56,�V�X�e���Ǘ���,""
300,POINT(136.943546415009 35.1349488740856),0373-0375,���o�^,���R��,���É��s�����,"","",�V�X�e���Ǘ���,2020/09/18 19:40:49,�V�X�e���Ǘ���,2020/10/27 15:35:06
301,POINT(137.399976782402 34.663066864568),0376-0377,���o�^,����c�ƏZ��,�L���s,"","",�V�X�e���Ǘ���,2020/09/18 19:42:03,�V�X�e���Ǘ���,""
302,POINT(136.918906257872 34.9165046392351),0378-0380,���o�^,�@�c��,�m���S�@���v�䒬,"","",�V�X�e���Ǘ���,2020/09/18 19:43:51,�V�X�e���Ǘ���,""
303,POINT(136.876904051955 35.1605165587798),0381,���o�^,⨉ƏZ��剮,���É��s������,"","",�V�X�e���Ǘ���,2020/10/27 15:34:20,�V�X�e���Ǘ���,""
304,POINT(137.172775486908 34.9574588184345),0382,���o�^,���{�������[�e�����苦��,����s,"","",�V�X�e���Ǘ���,2020/10/27 15:36:31,�V�X�e���Ǘ���,""
305,POINT(137.170007411295 34.9646407133861),0383,���o�^,�����m������t�͊w�Z������,����s,"","",�V�X�e���Ǘ���,2020/10/27 15:38:22,�V�X�e���Ǘ���,""
306,POINT(137.151917050043 35.0869488759453),0384,���o�^,��y��,�L�c�s,"","",�V�X�e���Ǘ���,2020/10/27 15:41:05,�V�X�e���Ǘ���,""
307,POINT(137.535694601509 34.9422308444755),0385-0389,���o�^,����,�V��s,"","",�V�X�e���Ǘ���,2020/10/27 15:44:30,�V�X�e���Ǘ���,""
308,POINT(137.536041905152 34.9437451332027),0390-0391,���o�^,�����_��,�V��s,"","",�V�X�e���Ǘ���,2020/10/27 15:46:50,�V�X�e���Ǘ���,""
309,POINT(137.55064009679 34.9360533092708),0392,���o�^,��_�Ж{�a,�V��s,"","",�V�X�e���Ǘ���,2020/10/27 15:53:06,�V�X�e���Ǘ���,""
310,POINT(137.033451616788 35.1289325881751),0393,���o�^,���s��ƏZ��剮,���i�s,"","",�V�X�e���Ǘ���,2020/10/27 15:55:05,�V�X�e���Ǘ���,2020/10/27 16:31:48
311,POINT(136.867816281835 34.9648585361485),0394,���o�^,�ؖȑ�����,�m���s,"","",�V�X�e���Ǘ���,2020/10/27 16:00:56,�V�X�e���Ǘ���,""
312,POINT(137.040792505047 35.0128684858935),0395-0400,���o�^,�m���_��,�m���s,"","",�V�X�e���Ǘ���,2020/10/27 16:03:22,�V�X�e���Ǘ���,""
313,POINT(137.532757475846 35.0575477093672),0401-0402,���o�^,�݊y�����c�����w�Z,�k�݊y�S�@�݊y��,"","",�V�X�e���Ǘ���,2020/10/27 16:09:56,�V�X�e���Ǘ���,2020/10/27 16:32:08
314,POINT(136.932323939878 35.1842077100997),0403-0408,���o�^,���쉀�E�H�����ɋ����ɁE�h�R��,���É��s����,"","",�V�X�e���Ǘ���,2020/10/27 16:19:40,�V�X�e���Ǘ���,2020/10/27 16:29:50
315,POINT(136.933188603771 35.1837461171529),0409-0411,���o�^,������p��,���É��s����,"","",�V�X�e���Ǘ���,2020/10/27 16:31:07,�V�X�e���Ǘ���,""
316,POINT(137.450077219916 34.7245997515119),0412-0413,���o�^,����c���ƏZ��,�L���s,"","",�V�X�e���Ǘ���,2020/10/27 17:18:04,�V�X�e���Ǘ���,""
317,POINT(137.190383302172 34.9527839462016),0414,���o�^,���{�c�ƏZ��剮,����s,"","",�V�X�e���Ǘ���,2020/10/27 17:29:08,�V�X�e���Ǘ���,""
318,POINT(137.35583782196 34.873364663534),080,���w��,���ꎛ,�L��s,"","",�V�X�e���Ǘ���,2020/10/27 18:28:47,�V�X�e���Ǘ���,""
319,POINT(137.356816761377 34.8750465579265),04184-0419,���o�^,�����_��,�L��s,"","",�V�X�e���Ǘ���,2020/10/27 18:31:08,�V�X�e���Ǘ���,""
320,POINT(136.820356900932 35.1743850340054),0420,���o�^,����@������,�C���S�@�厡��,"","",�V�X�e���Ǘ���,2020/10/27 18:33:22,�V�X�e���Ǘ���,""
321,POINT(136.921932053042 35.1745015000318),0421-0422,���o�^,���{������Z���^�[,���É��s����,"","",�V�X�e���Ǘ���,2020/10/27 18:39:53,�V�X�e���Ǘ���,""
322,POINT(136.923911682296 35.1728495124172),0423,���o�^,���É��J�e�h�������y�g�����p�E���吹��,���É��s����,"","",�V�X�e���Ǘ���,2020/12/08 19:08:04,�V�X�e���Ǘ���,""
323,POINT(136.943198727296 35.3834139989747),0424,���o�^,������ƏZ��剮,���R�s,"","",�V�X�e���Ǘ���,2020/12/08 19:10:01,�V�X�e���Ǘ���,""
324,POINT(137.606426882447 34.9500609541786),0425,���o�^,�������e��,�V��s,"","",�V�X�e���Ǘ���,2020/12/08 19:13:02,�V�X�e���Ǘ���,""
325,POINT(136.965225040913 35.0130477202649),0426,���o�^,��q�����x�e���i����q�a�e�ʑ�����j,��{�s,"","",�V�X�e���Ǘ���,2020/12/08 19:15:32,�V�X�e���Ǘ���,2020/12/08 19:16:57
326,POINT(136.965852677822 35.0126479041272),0427,���o�^,��q����������i����q�a�e�ʑ��\��j,��{�s,"","",�V�X�e���Ǘ���,2020/12/08 19:17:19,�V�X�e���Ǘ���,""
327,POINT(136.900606374201 35.1526273543687),0428,���o�^,���o���{��,���É��s����,"","",�V�X�e���Ǘ���,2020/12/08 19:27:34,�V�X�e���Ǘ���,""
328,POINT(136.946863894798 35.1429163808453),0429,���o�^,��؉ƏZ��剮,���É��s���a��,"","",�V�X�e���Ǘ���,2020/12/08 19:29:08,�V�X�e���Ǘ���,""
329,POINT(137.170301377773 34.9564543131222),0430-0433,���o�^,�P����,����s,"","",�V�X�e���Ǘ���,2020/12/08 19:35:03,�V�X�e���Ǘ���,""
330,POINT(137.10125733999 35.2281269041629),0434-0442,���o�^,���R�ɏ��X,���ˎs,"","",�V�X�e���Ǘ���,2020/12/08 19:42:27,�V�X�e���Ǘ���,""
331,POINT(136.865334847207 34.9671127108589),0443-0448,���o�^,�����c��@,�m���s,"","",�V�X�e���Ǘ���,2020/12/08 19:50:02,�V�X�e���Ǘ���,""
332,POINT(137.024620565166 34.9945748761477),0449-0451,���o�^,�ݕ���,�m���s,"","",�V�X�e���Ǘ���,2020/12/08 19:51:35,�V�X�e���Ǘ���,""
333,POINT(136.84671948783 34.7692250725124),0452,���o�^,��ԗX�֋ǋ��ǎ�,�m���S���l��,"","",�V�X�e���Ǘ���,2020/12/08 19:58:38,�V�X�e���Ǘ���,""
334,POINT(136.920918888894 34.8574087685647),0453-0457,���o�^,�O��ƏZ��,�m���S���L��,"","",�V�X�e���Ǘ���,2020/12/08 20:01:26,�V�X�e���Ǘ���,""
335,POINT(137.450072040826 34.7622457074843),0458,���o�^,�L���s���������َ������{���i�����ď��w�Z�{�Z�Ɂj,�L���s,"","",�V�X�e���Ǘ���,2020/12/08 20:04:42,�V�X�e���Ǘ���,""
336,POINT(137.450527846813 34.7625307170916),0459,���o�^,�L���s���������َ����������i�����ď��w�Z���Z�Ɂj,�L���s,"","",�V�X�e���Ǘ���,2020/12/08 20:05:36,�V�X�e���Ǘ���,""
337,POINT(137.083507163476 35.2814352433667),0460,���o�^,���������ʖ��O詓�,�t����s,"","",�V�X�e���Ǘ���,2020/12/08 20:11:33,�V�X�e���Ǘ���,""
338,POINT(137.086780071259 35.2842419304958),0461,���o�^,���������ʖ��l詓�,�t����s,"","",�V�X�e���Ǘ���,2020/12/08 20:13:53,�V�X�e���Ǘ���,""
339,POINT(137.089494466782 35.2862737403983),0462,���o�^,���������P�Γ��Ë�,�t����s,"","",�V�X�e���Ǘ���,2020/12/08 20:15:31,�V�X�e���Ǘ���,""
340,POINT(136.720390681593 35.1766645238854),0463-0467,���o�^,���x�c�A�V�ƏZ��,�Ó��s,"","",�V�X�e���Ǘ���,2020/12/08 20:17:54,�V�X�e���Ǘ���,""
341,POINT(136.922574688411 34.8553095403927),0468-0470,���o�^,���菤�X,�m���S���L��,"","",�V�X�e���Ǘ���,2020/12/08 20:23:00,�V�X�e���Ǘ���,""
342,POINT(137.011927101914 35.1565053322748),0471-0475,���o�^,�@����,���É��s������,"","",�V�X�e���Ǘ���,2020/12/08 20:27:51,�V�X�e���Ǘ���,""
343,POINT(137.011514041726 35.1565316473882),0476,���o�^,�������{��,���É��s������,"","",�V�X�e���Ǘ���,2020/12/08 20:30:17,�V�X�e���Ǘ���,""
344,POINT(137.20761954235 35.2005649262436),0477,���o�^,�L�c�s�������������فi���������w�Z���ʋ������j,�L�c�s,"","",�V�X�e���Ǘ���,2020/12/08 20:32:34,�V�X�e���Ǘ���,""
345,POINT(137.065118632188 34.7937256616578),0478,���o�^,�D�c�ƏZ��剮,�����s,"","",�V�X�e���Ǘ���,2020/12/08 20:36:56,�V�X�e���Ǘ���,""
346,POINT(136.938725473926 35.1838416300954),0479,���o�^,���m�������u�����w�Z����和�i�����m������ꒆ�w�Z����j,���É��s����,"","",�V�X�e���Ǘ���,2020/12/10 18:22:42,�V�X�e���Ǘ���,""
347,POINT(136.854233107772 35.1747870491672),0480,���o�^,���������L�O��,���É��s������,"","",�V�X�e���Ǘ���,2020/12/10 18:26:51,�V�X�e���Ǘ���,""
348,POINT(136.854058764186 35.174659887921),0481,���o�^,���������L��,���É��s������,"","",�V�X�e���Ǘ���,2020/12/10 18:27:28,�V�X�e���Ǘ���,""
349,POINT(136.930203144044 35.1320615311919),0482,���o�^,���m�������ˍ����w�Z����和�i�����m���Ɗw�Z����j,���É��s�����,"","",�V�X�e���Ǘ���,2020/12/10 18:30:06,�V�X�e���Ǘ���,""
350,POINT(136.841803001941 35.106774673682),0483,���o�^,���m�����ҐM�����w�Z����和�i�����m���ҐM�w�Z����j,���É��s�`��,"","",�V�X�e���Ǘ���,2020/12/10 18:31:25,�V�X�e���Ǘ���,""
351,POINT(137.169847012056 34.9463627168119),0484,���o�^,���m�������荂���w�Z����和�i�����m������񒆊w�Z����j,����s,"","",�V�X�e���Ǘ���,2020/12/10 18:32:14,�V�X�e���Ǘ���,""
352,POINT(137.173742484595 34.9998641599868),0485,���o�^,���m������Í����w�Z���勌�和�i����Ò������m����Ô_���w�Z����j,����s,"","",�V�X�e���Ǘ���,2020/12/10 18:33:06,�V�X�e���Ǘ���,""
353,POINT(136.92403656691 34.8916766217691),0486,���o�^,���m�������c���ƍ����w�Z����和�i�����m���m���S���������w�Z����j,���c�s,"","",�V�X�e���Ǘ���,2020/12/10 18:34:06,�V�X�e���Ǘ���,""
354,POINT(136.715900646596 35.1656048750315),0487,���o�^,���m�����Ó������w�Z����和�i�����m���Ó����w�Z����j,�Ó��s,"","",�V�X�e���Ǘ���,2020/12/10 18:35:00,�V�X�e���Ǘ���,""
355,POINT(136.993853772019 34.8853394366588),0488,���o�^,���m�����ɓ썂���w�Z����和�i�����m���ɓ썑���w�Z����j,�ɓ�s,"","",�V�X�e���Ǘ���,2020/12/10 18:35:41,�V�X�e���Ǘ���,""
356,POINT(136.998271770521 34.9830472880658),0489,���o�^,���m�������J�����w�Z����和�i�����m�����J���w�Z����j,���J�s,"","",�V�X�e���Ǘ���,2020/12/10 18:36:16,�V�X�e���Ǘ���,""
357,POINT(137.079137475513 34.9677012876035),0490,���o�^,���m��������_�э����w�Z����和�i�����m������_�ъw�Z����j,����s,"","",�V�X�e���Ǘ���,2020/12/10 18:36:54,�V�X�e���Ǘ���,""
358,POINT(137.048521234966 34.8725681782223),0491,���o�^,���m�����ߏ�u�����w�Z����和�i�����m���\���w�Z����j,�����s,"","",�V�X�e���Ǘ���,2020/12/10 18:37:26,�V�X�e���Ǘ���,""
359,POINT(137.055107006672 34.88216583709),0492,���o�^,���m�������������w�Z�ʗp��和�i�����m���������w�Z����j,�����s,"","",�V�X�e���Ǘ���,2020/12/10 18:38:02,�V�X�e���Ǘ���,""
360,POINT(136.918685247786 35.2917793726087),0494,���o�^,���m�������q�����w�Z����和�i�����m�����q���w�Z����j,���q�s,"","",�V�X�e���Ǘ���,2020/12/10 18:39:54,�V�X�e���Ǘ���,""
361,POINT(136.865711991158 34.9666091933383),0495-0500,���o�^,�������ؖȖ{�X,�m���s,"","",�V�X�e���Ǘ���,2020/12/10 18:41:10,�V�X�e���Ǘ���,""
362,POINT(137.406374443388 34.865715546469),0501-0504,���o�^,��J�ƏZ��,�L��s,"","",�V�X�e���Ǘ���,2020/12/10 18:43:38,�V�X�e���Ǘ���,""
363,POINT(137.157524128479 35.1001420611057),0505,���o�^,�������R��,�L�c�s,"","",�V�X�e���Ǘ���,2020/12/10 18:45:38,�V�X�e���Ǘ���,""
364,POINT(137.069104662779 34.796385315184),0506-0508,���o�^,���@,�����s,"","",�V�X�e���Ǘ���,2020/12/10 18:47:36,�V�X�e���Ǘ���,""
365,POINT(136.874393107944 35.155324808947),0509-0514,���o�^,�P�s��,���É��s�����,"","",�V�X�e���Ǘ���,2020/12/10 18:49:50,�V�X�e���Ǘ���,""
366,POINT(136.997931943285 34.9908324499214),0515-0516,���o�^,���m���|���J�H�ꋌ����H��i���L�c�����D�@���쏊�����ԕ�����H��j,���J�s,"","",�V�X�e���Ǘ���,2020/12/10 18:53:19,�V�X�e���Ǘ���,""
367,POINT(136.948132285939 35.1677044128499),0517-0522,���o�^,਎O�Y�L�O��,���É��s����,"","",�V�X�e���Ǘ���,2020/12/10 18:58:06,�V�X�e���Ǘ���,""
368,POINT(136.902870138963 35.1511125389458),0523,���o�^, �^�@��J�h���É��ʉ@����y�ѓy��,���É��s����,"","",�V�X�e���Ǘ���,2020/12/10 19:00:58,�V�X�e���Ǘ���,""
369,POINT(136.934709966318 35.0954064454502),0524,���o�^,�����_�Ж{�a,���É��s���,"","",�V�X�e���Ǘ���,2020/12/10 19:04:09,�V�X�e���Ǘ���,""
370,POINT(137.411305904388 34.7920280312657),0525,���o�^,�L���s�㐅���{�݉����搅�ꋌ�|���v��,�L���s,"","",�V�X�e���Ǘ���,2020/12/10 19:08:40,�V�X�e���Ǘ���,""
371,POINT(137.413415652776 34.7886402574034),0526,���o�^,�L���s�㐅���{�ݑ�]�쐅����,�L���s,"","",�V�X�e���Ǘ���,2020/12/10 19:09:54,�V�X�e���Ǘ���,""
372,POINT(137.430982604133 34.7653258398176),0527-0528,���o�^,�L���s�㐅���{�ݏ����򐅏�,�L���s,"","",�V�X�e���Ǘ���,2020/12/10 19:11:33,�V�X�e���Ǘ���,2020/12/10 19:12:10
373,POINT(137.432893663645 34.7649242281929),0529,���o�^,�L���s�㐅���{�ݑ��ď򐅏ꋌ�z���r,�L���s,"","",�V�X�e���Ǘ���,2020/12/10 19:14:48,�V�X�e���Ǘ���,""
374,POINT(136.905664684003 35.363540026661),0530,���o�^,��c�ƏZ��剮,�O�H�S�@�}�K��,"","",�V�X�e���Ǘ���,2020/12/10 19:15:42,�V�X�e���Ǘ���,2020/12/10 19:16:29
375,POINT(136.873473052349 34.7346655797992),0531-0535,���o�^,�����c������ƏZ��,�m���S�@��m����,"","",�V�X�e���Ǘ���,2020/12/10 19:20:52,�V�X�e���Ǘ���,""
376,POINT(137.498395027635 34.9024108484727),0536-0541,���o�^,�i�Z��,�V��s,"","",�V�X�e���Ǘ���,2020/12/10 19:21:39,�V�X�e���Ǘ���,""
377,POINT(136.950733547275 35.1421400217295),0542-0545,���o�^,�쌴�c�ƏZ��,���É��s���a��,"","",�V�X�e���Ǘ���,2020/12/10 19:23:42,�V�X�e���Ǘ���,""
378,POINT(137.261088188989 34.8902039007749),0546-0547,���o�^,�y�c�ƏZ��,����s,"","",�V�X�e���Ǘ���,2020/12/10 19:26:17,�V�X�e���Ǘ���,""
379,POINT(136.919124671663 35.1566975228226),0548,���o�^,���É��s���,���É��s���a��,"","",�V�X�e���Ǘ���,2020/12/10 19:26:56,�V�X�e���Ǘ���,""
380,POINT(136.759522078979 35.3353307823576),0549-0557,���o�^,�����ѐD�H�Ɗ������,��{�s,"","",�V�X�e���Ǘ���,2020/12/10 19:27:47,�V�X�e���Ǘ���,""
